Region,Date,Village/local area,X,Y,District,Province,Type of attack,Reportedly drone?,MinTotal,MaxTotal,MinCivilians,MaxCivilians,MinChildren,MaxChildren,MinInj,MaxInj,Strike link
Baghlan,22/02/2016,Dand e Ghori,340,100,Pul-e-Khumri,Baghlan,US strike,1,0,0,0,0,0,0,0,0,https://www.thebureauinvestigates.com/2016/01/07/get-the-data-a-list-of-us-air-and-drone-strikes-afghanistan-2016/#172
Farah,4/11/16,Diwal-i-Surkh,200,190,Khak e Safid,Farah,US strike,1,5,5,0,0,0,0,0,0,https://www.thebureauinvestigates.com/2016/01/07/get-the-data-a-list-of-us-air-and-drone-strikes-afghanistan-2016/#290
Farah,10/9/16,Qarya e Surkh,200,190,Khak e Safid,Farah,US strike,1,4,4,0,0,0,0,0,0,https://www.thebureauinvestigates.com/2016/01/07/get-the-data-a-list-of-us-air-and-drone-strikes-afghanistan-2016/#265
Farah,17/10/2016,Unknown ,200,190,Farah and Bakwah ,Farah ,US strike ,0,70,70,0,0,0,0,30,30,https://www.thebureauinvestigates.com/2016/01/07/get-the-data-a-list-of-us-air-and-drone-strikes-afghanistan-2016/#281
Ghazni,3/7/16,Unknown,310,170,Ab Band,Ghazni,US strike,1,12,12,0,0,0,0,0,0,https://www.thebureauinvestigates.com/2016/01/07/get-the-data-a-list-of-us-air-and-drone-strikes-afghanistan-2016/#230
Ghazni,13/03/2017,Raasni,310,170,Gilan,Ghazni,US strike,1,3,3,0,0,0,0,0,0,
Ghazni,15/12/2015,Sher Khan village,310,170,Deh Yak,Ghazni,US air and Afghan ground operation,0,9,9,0,0,0,0,0,0,http://www.thebureauinvestigates.com/2015/02/12/us-drone-war-afghanistan-list-american-air-strikes-2015/#134
Ghazni,18/05/2016,Mohammd Ghous,310,170,Ab Band,Ghazni,US strike,1,1,1,0,0,0,0,0,0,https://www.thebureauinvestigates.com/2016/01/07/get-the-data-a-list-of-us-air-and-drone-strikes-afghanistan-2016/#201
Ghazni,19/02/2017,Unknown,310,170,Nawa,Ghazni,US strike ,1,1,1,0,0,0,0,2,2,https://www.thebureauinvestigates.com/2017/01/11/get-the-data-a-list-of-us-air-and-drone-strikes-afghanistan-2017/322
Hilmand,1/9/15,Unknown,230,220,Musa Qala,Helmand,US strike,0,0,0,0,0,0,0,0,0,http://www.thebureauinvestigates.com/2015/02/12/us-drone-war-afghanistan-list-american-air-strikes-2015/#83
Hilmand,6/9/15,Unknown,230,220,Garamser,Helmand,US strike,1,11,31,0,0,0,0,4,4,http://www.thebureauinvestigates.com/2015/02/12/us-drone-war-afghanistan-list-american-air-strikes-2015/#74
Hilmand,8/2/15,Azankarez,230,220,Kajak,Helmand,US strike,1,6,8,0,0,0,0,0,0,http://www.thebureauinvestigates.com/2015/02/12/us-drone-war-afghanistan-list-american-air-strikes-2015/#1
Hilmand,1/8/16,Zarghoon village,230,220,Nad Ali,Helmand,US strike,1,2,2,0,0,0,0,0,0,https://www.thebureauinvestigates.com/2016/01/07/get-the-data-a-list-of-us-air-and-drone-strikes-afghanistan-2016/#253
Hilmand,3/10/16,Unknown ,230,220,Nawa-i-Barakzayi,Helmand,"US air operation with use of drone, F16 jets and Apache helicopter",1,12,12,0,0,0,0,0,0,https://www.thebureauinvestigates.com/2016/01/07/get-the-data-a-list-of-us-air-and-drone-strikes-afghanistan-2016/#280
Hilmand,6/1/16,Unknown,230,220,Majah,Helmand,US strike,0,0,0,0,0,0,0,0,0,https://www.thebureauinvestigates.com/2016/01/07/get-the-data-a-list-of-us-air-and-drone-strikes-afghanistan-2016/#141
Hilmand,7/5/16,Unknown,230,220,Khanashin,Helmand,US strike,1,0,1,0,0,0,0,2,3,https://www.thebureauinvestigates.com/2016/01/07/get-the-data-a-list-of-us-air-and-drone-strikes-afghanistan-2016/#196
Hilmand,8/2/16,Unknown,230,220,Nad Ali and Greshk,Helmand,US strike,1,15,15,0,0,0,0,10,10,https://www.thebureauinvestigates.com/2016/01/07/get-the-data-a-list-of-us-air-and-drone-strikes-afghanistan-2016/#170
Hilmand,11/8/16,Unknown,230,220,Hilmand,Helmand,US strike,1,0,0,0,0,0,0,0,0,https://www.thebureauinvestigates.com/2016/01/07/get-the-data-a-list-of-us-air-and-drone-strikes-afghanistan-2016/#254
Hilmand,6/2/17,Kharko area,230,220,Garamser ,Helmand,US strike ,0,6,6,0,0,0,0,0,0,https://www.thebureauinvestigates.com/2017/01/11/get-the-data-a-list-of-us-air-and-drone-strikes-afghanistan-2017/317
Hilmand,10/2/17,Unknown,230,220,Sangin,Helmand,US strike ,0,18,68,18,18,0,8,0,19,https://www.thebureauinvestigates.com/2017/01/11/get-the-data-a-list-of-us-air-and-drone-strikes-afghanistan-2017/320
Hilmand,11/2/17,Unknown,230,220,Sangin,Helmand,US strike ,0,-,-,-,-,-,-,-,-,https://www.thebureauinvestigates.com/2017/01/11/get-the-data-a-list-of-us-air-and-drone-strikes-afghanistan-2017/321
Hilmand,13/12/2015,Unknown,230,220,"Marja, Sangin and Babaji",Helmand,US strike with US and Afghan ground operation,0,0,0,0,0,0,0,0,0,http://www.thebureauinvestigates.com/2015/02/12/us-drone-war-afghanistan-list-american-air-strikes-2015/#119
Hilmand,15/01/2017,Unknown,230,220,Musa Qala,Helmand,US strike ,0,15,15,0,0,0,0,10,10,https://www.thebureauinvestigates.com/2017/01/11/get-the-data-a-list-of-us-air-and-drone-strikes-afghanistan-2017/308
Hilmand,15/07/2016,Reg Shahidan,230,220,"Maiwand",Helmand,US strike,1,30,30,0,0,0,0,2,2,https://www.thebureauinvestigates.com/2016/01/07/get-the-data-a-list-of-us-air-and-drone-strikes-afghanistan-2016/#242
Hilmand,19/07/2016,Sangin,230,220,Sangin,Helmand,US strike,0,0,0,0,0,0,0,0,0,https://www.thebureauinvestigates.com/2016/01/07/get-the-data-a-list-of-us-air-and-drone-strikes-afghanistan-2016/#245
Hilmand,23/02/2017,Umomi Bagh,230,220,Garamser,Helmand,US strike ,0,11,11,0,0,0,0,0,0,
Hilmand,23/08/2015,Unknown,230,220,Musa Qala,Helmand,US strike,0,40,40,0,0,0,0,0,0,http://www.thebureauinvestigates.com/2015/02/12/us-drone-war-afghanistan-list-american-air-strikes-2015/#70
Hilmand,23/12/2015,Sangin,230,220,Sangin,Helmand,US strike,1,0,0,0,0,0,0,0,0,http://www.thebureauinvestigates.com/2015/02/12/us-drone-war-afghanistan-list-american-air-strikes-2015/#137
Hilmand,25/08/2016,Unknown,230,220,Nad Ali,Helmand,US strike,1,24,32,0,8,0,0,0,0,https://www.thebureauinvestigates.com/2016/01/07/get-the-data-a-list-of-us-air-and-drone-strikes-afghanistan-2016/#258
Hilmand,27/08/2015,Unknown,230,220,Musa Qala,Helmand,US strike,0,0,0,0,0,0,0,0,0,http://www.thebureauinvestigates.com/2015/02/12/us-drone-war-afghanistan-list-american-air-strikes-2015/#175
Hilmand,30/08/2015,Unknown,230,220,Musa Qala,Helmand,US strike,0,0,0,0,0,0,0,0,0,http://www.thebureauinvestigates.com/2015/02/12/us-drone-war-afghanistan-list-american-air-strikes-2015/#73
Hilmand,31/01/2017,Unknown,230,220,Sangin ,Helmand,US strike,0,0,0,0,0,0,0,0,0,https://www.thebureauinvestigates.com/2017/01/11/get-the-data-a-list-of-us-air-and-drone-strikes-afghanistan-2017/312
Hilmand,31/08/2015,Unknown,230,220,Nahr e Saraj,Helmand,US strike,0,2,2,2,2,0,0,0,0,http://www.thebureauinvestigates.com/2015/02/12/us-drone-war-afghanistan-list-american-air-strikes-2015/#133
Kandahar,6/9/15,Unknown,270,220,Maiwand,Kandahar,US strike,0,0,0,0,0,0,0,0,0,http://www.thebureauinvestigates.com/2015/02/12/us-drone-war-afghanistan-list-american-air-strikes-2015/#75
Kandahar,11/10/15,Unknown,270,220,Shurabak,Kandahar,US strike,0,100,200,0,0,0,0,50,50,http://www.thebureauinvestigates.com/2015/02/12/us-drone-war-afghanistan-list-american-air-strikes-2015/#97
Kandahar,8/1/16,Unknown,270,220,Kharkhez,Kandahar,US strike,0,0,0,0,0,0,0,0,0,https://www.thebureauinvestigates.com/2016/01/07/get-the-data-a-list-of-us-air-and-drone-strikes-afghanistan-2016/#143
Kandahar,26/05/2016,Elbak,270,220,Kandahar,Kandahar,US strike,1,7,7,0,0,0,0,2,2,https://www.thebureauinvestigates.com/2016/01/07/get-the-data-a-list-of-us-air-and-drone-strikes-afghanistan-2016/#220
Kandahar,29/05/2016,Kata Sang,270,220,Shaha Wali Kot,Kandahar,US strike,1,17,22,0,0,0,0,0,0,https://www.thebureauinvestigates.com/2016/01/07/get-the-data-a-list-of-us-air-and-drone-strikes-afghanistan-2016/#209
Khost,1/1/15,Unknown,350,170,Spera,Khost,US strike,0,0,0,0,0,0,0,0,0,http://www.thebureauinvestigates.com/2015/02/12/us-drone-war-afghanistan-list-american-air-strikes-2015/#77
Khost,2/3/15,Unknown,350,170,Alishir,Khost,US strike,1,1,1,0,1,0,0,0,0,http://www.thebureauinvestigates.com/2015/02/12/us-drone-war-afghanistan-list-american-air-strikes-2015/#80
Khost,3/1/15,Unknown,350,170,Spera,Khost,US strike,0,7,7,0,0,0,0,0,0,http://www.thebureauinvestigates.com/2015/02/12/us-drone-war-afghanistan-list-american-air-strikes-2015/#4
Khost,5/6/15,Ali Shir,350,170,Tere Zayi,Khost,US strike,1,14,14,14,14,0,0,0,0,http://www.thebureauinvestigates.com/2015/02/12/us-drone-war-afghanistan-list-american-air-strikes-2015/#29
Khost,2/9/16,Keen Kalai,350,170,Spera,Khost,US strike,0,7,7,0,0,0,0,0,0,https://www.thebureauinvestigates.com/2016/01/07/get-the-data-a-list-of-us-air-and-drone-strikes-afghanistan-2016/#264
Khost,2/2/17,Unknown,350,170,Khost,Khost ,US strike ,1,5,6,0,0,0,0,0,0,https://www.thebureauinvestigates.com/2017/01/11/get-the-data-a-list-of-us-air-and-drone-strikes-afghanistan-2017/314
Khost,10/1/17,Aziz Kala,350,170,Sabri,Khost,US strike,1,4,4,0,0,0,0,0,0,https://www.thebureauinvestigates.com/2017/01/11/get-the-data-a-list-of-us-air-and-drone-strikes-afghanistan-2017/306
Khost,18/11/2015,Unknown,350,170,Babrak Thana,Khost,US strike,1,21,50,0,0,0,0,0,0,http://www.thebureauinvestigates.com/2015/02/12/us-drone-war-afghanistan-list-american-air-strikes-2015/#113
Khost,25/11/2015,"Gagi Mountain, Ali Shir",350,170,Tere Zayi,Khost,US strike,1,10,16,0,0,0,0,20,20,http://www.thebureauinvestigates.com/2015/02/12/us-drone-war-afghanistan-list-american-air-strikes-2015/#116
Kunar,3/6/15,Shogam area,375,130,Shigal,Kunar,US strike,1,3,6,0,0,0,0,0,0,http://www.thebureauinvestigates.com/2015/02/12/us-drone-war-afghanistan-list-american-air-strikes-2015/#25
Kunar,3/12/15,Nakora,375,130,Chapa Dara,Kunar,US strike,1,3,3,0,0,0,0,0,0,http://www.thebureauinvestigates.com/2015/02/12/us-drone-war-afghanistan-list-american-air-strikes-2015/#117
Kunar,4/7/15,Unknown,375,130,Chappa Dara,Kunar,US strike,1,1,1,0,0,0,0,0,0,http://www.thebureauinvestigates.com/2015/02/12/us-drone-war-afghanistan-list-american-air-strikes-2015/#45
Kunar,6/1/15,Unknown,375,130,Dara I Pech,Kunar,US strike,0,0,0,0,0,0,0,0,0,http://www.thebureauinvestigates.com/2015/02/12/us-drone-war-afghanistan-list-american-air-strikes-2015/#120
Kunar,7/5/15,Unknown,375,130,Khas Khar,Kunar,US strike,1,6,7,0,1,0,1,0,0,http://www.thebureauinvestigates.com/2015/02/12/us-drone-war-afghanistan-list-american-air-strikes-2015/#17
Kunar,7/6/15,Unknown,375,130,Chapa Dara,Kunar,US strike,1,1,1,0,0,0,0,0,0,http://www.thebureauinvestigates.com/2015/02/12/us-drone-war-afghanistan-list-american-air-strikes-2015/#30
Kunar,8/9/15,Unknown,375,130,Ghazi Abad,Kunar,US strike,1,2,2,0,0,0,0,0,0,http://www.thebureauinvestigates.com/2015/02/12/us-drone-war-afghanistan-list-american-air-strikes-2015/#76
Kunar,10/2/15,Unknown,375,130,Khas Kunar,Kunar,US strike,1,2,2,0,0,0,0,0,0,http://www.thebureauinvestigates.com/2015/02/12/us-drone-war-afghanistan-list-american-air-strikes-2015/#8
Kunar,10/8/15,Shonkorok Valley,375,130,Shegal,Kunar,US strike,1,3,3,0,0,0,0,0,0,http://www.thebureauinvestigates.com/2015/02/12/us-drone-war-afghanistan-list-american-air-strikes-2015/#67
Kunar,11/3/15,Unknown,375,130,Sarakani,Kunar,US strike,0,0,0,0,0,0,0,0,0,http://www.thebureauinvestigates.com/2015/02/12/us-drone-war-afghanistan-list-american-air-strikes-2015/#124
Kunar,12/4/15,Unknown,375,130,Dara I Pech,Kunar,US strike,1,3,3,0,0,0,0,0,0,http://www.thebureauinvestigates.com/2015/02/12/us-drone-war-afghanistan-list-american-air-strikes-2015/#13
Kunar,2/1/16,Shaltan Darra,375,130,Shegal,Kunar,US strike,1,5,5,0,0,0,0,2,2,https://www.thebureauinvestigates.com/2016/01/07/get-the-data-a-list-of-us-air-and-drone-strikes-afghanistan-2016/#140
Kunar,4/2/16,Shiltan,375,130,Shegal,Kunar,US strike,1,3,3,0,0,0,0,0,0,https://www.thebureauinvestigates.com/2016/01/07/get-the-data-a-list-of-us-air-and-drone-strikes-afghanistan-2016/#167
Kunar,9/1/16,Unknown,375,130,Shegal,Kunar,US strike,1,10,10,1,1,1,1,0,0,https://www.thebureauinvestigates.com/2016/01/07/get-the-data-a-list-of-us-air-and-drone-strikes-afghanistan-2016/#146
Kunar,14/06/2015,Unknown,375,130,Dangam,Kunar,US strike,1,7,15,0,5,0,5,0,0,http://www.thebureauinvestigates.com/2015/02/12/us-drone-war-afghanistan-list-american-air-strikes-2015/#35
Kunar,16/05/2016,Gandeel,375,130,Watapor,Kunar,US strike,1,3,3,0,0,0,0,0,0,https://www.thebureauinvestigates.com/2016/01/07/get-the-data-a-list-of-us-air-and-drone-strikes-afghanistan-2016/#197
Kunar,18/03/2015,Unknown,375,130,Chinar Khor,Kunar,US strike,0,0,0,0,0,0,0,1,1,http://www.thebureauinvestigates.com/2015/02/12/us-drone-war-afghanistan-list-american-air-strikes-2015/#126
Kunar,18/06/2015,Unknown,375,130,Chazi Abad,Kunar,US strike,0,0,0,0,0,0,0,0,0,http://www.thebureauinvestigates.com/2015/02/12/us-drone-war-afghanistan-list-american-air-strikes-2015/#132
Kunar,21/05/2015,Katar village,375,130,Watapor,Kunar,US strike,1,4,5,0,0,0,0,0,0,http://www.thebureauinvestigates.com/2015/02/12/us-drone-war-afghanistan-list-american-air-strikes-2015/#22
Kunar,24/03/2015,Unknown,375,130,Kunar,Kunar,US strike,1,11,11,0,0,0,0,0,0,http://www.thebureauinvestigates.com/2015/02/12/us-drone-war-afghanistan-list-american-air-strikes-2015/#11
Kunar,28/04/2015,Degal,375,130,Chapa Darre,Kunar,US strike,1,3,3,0,0,0,0,0,0,http://www.thebureauinvestigates.com/2015/02/12/us-drone-war-afghanistan-list-american-air-strikes-2015/#14
Kunar,28/05/2015,Unknown,375,130,Watapor,Kunar,US strike,1,1,1,0,0,0,0,0,0,http://www.thebureauinvestigates.com/2015/02/12/us-drone-war-afghanistan-list-american-air-strikes-2015/#24
Kunar,28/10/2016,Aligal village,375,130,Ghaziabad,Kunar,US strike,1,5,5,0,0,0,0,0,0,https://www.thebureauinvestigates.com/2016/01/07/get-the-data-a-list-of-us-air-and-drone-strikes-afghanistan-2016/#286
Kunar,29/10/2015,Unknown,375,130,Ghazi Abad,Kunar,US strike,1,3,3,0,0,0,0,0,0,http://www.thebureauinvestigates.com/2015/02/12/us-drone-war-afghanistan-list-american-air-strikes-2015/#106
Kunar,29/10/2015,Unknown,375,130,Lal Pura,Kunar,US strike,1,4,4,0,0,0,0,2,2,http://www.thebureauinvestigates.com/2015/02/12/us-drone-war-afghanistan-list-american-air-strikes-2015/#107
Kunar,31/10/2015,"Choni Sar area, Shultan valley",375,130,Shigal,Kunar,US strike,1,2,2,0,0,0,0,0,0,http://www.thebureauinvestigates.com/2015/02/12/us-drone-war-afghanistan-list-american-air-strikes-2015/#108
Kunar,31/10/2016,Unknown,375,130,Dangam and Ghaziabad,Kunar,US strike,0,9,9,0,0,0,0,0,0,https://www.thebureauinvestigates.com/2016/01/07/get-the-data-a-list-of-us-air-and-drone-strikes-afghanistan-2016/#288
Kunduz,2/10/15,Kunduz city,330,80,Kunduz city,Kunduz,US strike,0,0,0,0,0,0,0,0,0,http://www.thebureauinvestigates.com/2015/02/12/us-drone-war-afghanistan-list-american-air-strikes-2015/#93
Kunduz,2/10/15,Kunduz city,330,80,Kunduz city,Kunduz,US strike,0,0,0,0,0,0,0,0,0,http://www.thebureauinvestigates.com/2015/02/12/us-drone-war-afghanistan-list-american-air-strikes-2015/#94
Kunduz,3/10/15,Kunduz city,330,80,Kunduz city,Kunduz,US strike,0,42,42,42,42,3,3,27,27,http://www.thebureauinvestigates.com/2015/02/12/us-drone-war-afghanistan-list-american-air-strikes-2015/#95
Kunduz,5/10/15,Kunduz city,330,80,Kunduz city,Kunduz,US strike,0,0,0,0,0,0,0,0,0,http://www.thebureauinvestigates.com/2015/02/12/us-drone-war-afghanistan-list-american-air-strikes-2015/#96
Kunduz,3/10/16,Unknown,330,80,Kunduz city,Kunduz,US strike,0,0,0,0,0,0,0,0,0,https://www.thebureauinvestigates.com/2016/01/07/get-the-data-a-list-of-us-air-and-drone-strikes-afghanistan-2016/#278
Kunduz,3/11/16,Boz village,330,80,Kunduz city,Kunduz,US strike,0,58,59,32,33,20,20,53,62,https://www.thebureauinvestigates.com/2016/01/07/get-the-data-a-list-of-us-air-and-drone-strikes-afghanistan-2016/#289
Kunduz,9/5/16,Nahr Sufi,330,80,Chahar Dara,Kunduz,US strike,1,12,12,0,0,0,0,0,0,https://www.thebureauinvestigates.com/2016/01/07/get-the-data-a-list-of-us-air-and-drone-strikes-afghanistan-2016/#195
Kunduz,21/06/2016,Moghul Qeshlag,330,80,Imam Sahib,Kunduz,US strike,1,5,5,0,0,0,0,0,0,https://www.thebureauinvestigates.com/2016/01/07/get-the-data-a-list-of-us-air-and-drone-strikes-afghanistan-2016/#220
Kunduz,22/05/2016,Asqalan,330,80,Kunduz city,Kunduz,US strike,1,13,13,0,0,0,0,0,0,https://www.thebureauinvestigates.com/2016/01/07/get-the-data-a-list-of-us-air-and-drone-strikes-afghanistan-2016/#203
Kunduz,23/10/2016,Unknown ,330,80,Kunduz,Kunduz,US strike ,1,3,3,0,0,0,0,0,0,https://www.thebureauinvestigates.com/2016/01/07/get-the-data-a-list-of-us-air-and-drone-strikes-afghanistan-2016/#284
Kunduz,24/08/2016,Unknown,330,80,Kunduz,Kunduz,US strike,0,0,0,0,0,0,0,0,0,https://www.thebureauinvestigates.com/2016/01/07/get-the-data-a-list-of-us-air-and-drone-strikes-afghanistan-2016/#261
Kunduz,25/06/2016,Sarak Payin,330,80,Chahar Dara,Kunduz,US strike,1,7,16,0,15,0,0,0,0,https://www.thebureauinvestigates.com/2016/01/07/get-the-data-a-list-of-us-air-and-drone-strikes-afghanistan-2016/#223
Kunduz,26/02/2017,Unknown,330,80,Dashti Archi,Kunduz,US strike ,1,5,9,0,0,0,0,0,0,
Kunduz,27/06/2016,Unknown,330,80,Chahar Dara,Kunduz,US strike,1,4,16,0,0,0,0,0,0,https://www.thebureauinvestigates.com/2016/01/07/get-the-data-a-list-of-us-air-and-drone-strikes-afghanistan-2016/#225
Kunduz,28/06/2016,Hazrat Sultan,330,80,Kunduz city,Kunduz,US strike,1,14,14,0,0,0,0,8,8,https://www.thebureauinvestigates.com/2016/01/07/get-the-data-a-list-of-us-air-and-drone-strikes-afghanistan-2016/#226
Kunduz,29/06/2016,Unknown,330,80,Gortipa,Kunduz,US strike,1,10,10,0,0,0,0,0,0,https://www.thebureauinvestigates.com/2016/01/07/get-the-data-a-list-of-us-air-and-drone-strikes-afghanistan-2016/#227
Kunduz,29/09/2015,Kunduz airport,330,80,Kunduz city,Kunduz,US strike,0,0,0,0,0,0,0,0,0,http://www.thebureauinvestigates.com/2015/02/12/us-drone-war-afghanistan-list-american-air-strikes-2015/#87
Kunduz,29/09/2015,Kunduz airport,330,80,Kunduz city,Kunduz,US strike,0,0,0,0,0,0,0,0,0,http://www.thebureauinvestigates.com/2015/02/12/us-drone-war-afghanistan-list-american-air-strikes-2015/#88
Kunduz,30/09/2015,Kunduz airport,330,80,Kunduz city,Kunduz,US strike,0,0,24,0,0,0,0,0,0,http://www.thebureauinvestigates.com/2015/02/12/us-drone-war-afghanistan-list-american-air-strikes-2015/#89
Kunduz,30/09/2015,Kunduz airport,330,80,Kunduz city,Kunduz,US strike,0,0,0,0,0,0,0,0,0,http://www.thebureauinvestigates.com/2015/02/12/us-drone-war-afghanistan-list-american-air-strikes-2015/#90
Kunduz,30/09/2015,Kunduz airport,330,80,Kunduz city,Kunduz,US strike,0,0,0,0,0,0,0,0,0,http://www.thebureauinvestigates.com/2015/02/12/us-drone-war-afghanistan-list-american-air-strikes-2015/#91
Kunduz,30/09/2015,Kunduz city,330,80,Kunduz city,Kunduz,US strike,0,3,3,0,0,0,0,0,0,http://www.thebureauinvestigates.com/2015/02/12/us-drone-war-afghanistan-list-american-air-strikes-2015/#92
Laghman,29/12/2015,Masboud valley,340,100,Alishang,Laghman,US strike,1,2,2,0,0,0,0,0,0,http://www.thebureauinvestigates.com/2015/02/12/us-drone-war-afghanistan-list-american-air-strikes-2015/#139
Logar,2/8/15,Cholzi,360,130,Baraki Barak,Logar,US strike,1,4,4,0,0,0,0,0,0,http://www.thebureauinvestigates.com/2015/02/12/us-drone-war-afghanistan-list-american-air-strikes-2015/#63
Logar,7/1/15,Unknown,360,130,Logar,Logar,US strike,1,3,3,0,0,0,0,0,0,http://www.thebureauinvestigates.com/2015/02/12/us-drone-war-afghanistan-list-american-air-strikes-2015/#5
Logar,11/6/16,Unknown,360,130,Azara,Logar,US strike,1,11,11,0,3,0,0,0,0,https://www.thebureauinvestigates.com/2016/01/07/get-the-data-a-list-of-us-air-and-drone-strikes-afghanistan-2016/#215
Logar,19/10/2015,Unknown,360,130,Kharwar,Logar,US strike,0,0,20,0,0,0,0,0,0,http://www.thebureauinvestigates.com/2015/02/12/us-drone-war-afghanistan-list-american-air-strikes-2015/#99
Logar,20/07/2015,Cheltan,360,130,Baraki Barak,Logar,US strike,0,7,10,0,0,0,0,5,6,http://www.thebureauinvestigates.com/2015/02/12/us-drone-war-afghanistan-list-american-air-strikes-2015/#59
Logar,31/05/2015,Unknown,360,130,Baraki Barak,Logar,US strike,0,2,3,0,3,0,2,0,0,http://www.thebureauinvestigates.com/2015/02/12/us-drone-war-afghanistan-list-american-air-strikes-2015/#130
Nangarhar,3/5/15,Unknown,360,145,Mohmand Dara,Nangarhar,US strike,1,12,12,0,0,0,0,0,0,http://www.thebureauinvestigates.com/2015/02/12/us-drone-war-afghanistan-list-american-air-strikes-2015/#15
Nangarhar,4/5/15,"Dabili, Landi Basawal area",360,145,Mohmand Dara,Nangarhar,US strike,1,17,17,0,0,0,0,0,0,http://www.thebureauinvestigates.com/2015/02/12/us-drone-war-afghanistan-list-american-air-strikes-2015/#16
Nangarhar,4/6/15,Unknown,360,145,Achin,Nangarhar,US strike,1,1,1,0,0,0,0,0,0,http://www.thebureauinvestigates.com/2015/02/12/us-drone-war-afghanistan-list-american-air-strikes-2015/#26
Nangarhar,4/6/15,Unknown,360,145,Chapahar,Nangarhar,US strike,1,6,6,0,1,0,0,0,0,http://www.thebureauinvestigates.com/2015/02/12/us-drone-war-afghanistan-list-american-air-strikes-2015/#27
Nangarhar,4/6/15,Unknown,360,145,Chapahar,Nangarhar,US strike,1,11,11,0,0,0,0,0,0,http://www.thebureauinvestigates.com/2015/02/12/us-drone-war-afghanistan-list-american-air-strikes-2015/#28
Nangarhar,4/7/15,Unknown,360,145,Dara I Pech,Nangarhar,US strike,0,0,0,0,0,0,0,0,0,http://www.thebureauinvestigates.com/2015/02/12/us-drone-war-afghanistan-list-american-air-strikes-2015/#173
Nangarhar,4/7/15,Unknown,360,145,Ghanikhel,Nangarhar,US strike,1,12,12,0,0,0,0,0,0,http://www.thebureauinvestigates.com/2015/02/12/us-drone-war-afghanistan-list-american-air-strikes-2015/#44
Nangarhar,4/11/15,Unknown,360,145,Achin,Nangarhar,US air and Afghan ground operation,0,0,29,0,0,0,0,0,0,http://www.thebureauinvestigates.com/2015/02/12/us-drone-war-afghanistan-list-american-air-strikes-2015/#109
Nangarhar,5/7/15,Unknown,360,145,Chaparhar,Nangarhar,US strike,1,3,3,0,0,0,0,0,0,http://www.thebureauinvestigates.com/2015/02/12/us-drone-war-afghanistan-list-american-air-strikes-2015/#46
Nangarhar,6/7/15,Unknown,360,145,Achin,Nangarhar,US strike,1,12,12,0,0,0,0,0,0,http://www.thebureauinvestigates.com/2015/02/12/us-drone-war-afghanistan-list-american-air-strikes-2015/#47
Nangarhar,6/7/15,Unknown,360,145,Achin,Nangarhar,US strike,1,13,37,0,0,0,0,0,0,http://www.thebureauinvestigates.com/2015/02/12/us-drone-war-afghanistan-list-american-air-strikes-2015/#48
Nangarhar,7/5/15,Unknown,360,145,Goshti,Nangarhar,US strike,1,4,4,0,0,0,0,0,0,http://www.thebureauinvestigates.com/2015/02/12/us-drone-war-afghanistan-list-american-air-strikes-2015/#18
Nangarhar,7/7/15,Unknown,360,145,Achin,Nangarhar,US strike,1,11,49,0,0,0,0,0,4,http://www.thebureauinvestigates.com/2015/02/12/us-drone-war-afghanistan-list-american-air-strikes-2015/#49
Nangarhar,7/7/15,Unknown,360,145,Achin,Nangarhar,US strike,1,18,18,0,0,0,0,0,0,http://www.thebureauinvestigates.com/2015/02/12/us-drone-war-afghanistan-list-american-air-strikes-2015/#50
Nangarhar,7/7/15,Unknown,360,145,Bati Kot,Nangarhar,US strike,1,4,4,0,0,0,0,2,2,http://www.thebureauinvestigates.com/2015/02/12/us-drone-war-afghanistan-list-american-air-strikes-2015/#52
Nangarhar,7/7/15,Unknown,360,145,Haska Meena,Nangarhar,US strike,1,25,25,0,0,0,0,0,0,http://www.thebureauinvestigates.com/2015/02/12/us-drone-war-afghanistan-list-american-air-strikes-2015/#51
Nangarhar,8/1/15,Chikanawr,360,145,Lal Pura,Nangarhar,US strike,1,6,6,0,0,0,0,3,3,http://www.thebureauinvestigates.com/2015/02/12/us-drone-war-afghanistan-list-american-air-strikes-2015/#6
Nangarhar,8/6/15,Samso,360,145,Lal Pura,Nangarhar,US strike,1,7,7,0,5,0,5,0,0,http://www.thebureauinvestigates.com/2015/02/12/us-drone-war-afghanistan-list-american-air-strikes-2015/#31
Nangarhar,8/6/15,Unknown,360,145,Lal Pura,Nangarhar,US strike,1,3,3,0,0,0,0,0,0,http://www.thebureauinvestigates.com/2015/02/12/us-drone-war-afghanistan-list-american-air-strikes-2015/#32
Nangarhar,8/7/15,Tangi,360,145,Dih Bala,Nangarhar,US strike,1,25,52,0,0,0,0,0,0,http://www.thebureauinvestigates.com/2015/02/12/us-drone-war-afghanistan-list-american-air-strikes-2015/#53
Nangarhar,8/8/15,Gorgori,360,145,Haska Mina,Nangarhar,US strike,1,10,10,0,0,0,0,0,0,http://www.thebureauinvestigates.com/2015/02/12/us-drone-war-afghanistan-list-american-air-strikes-2015/#65
Nangarhar,8/11/15,Gulai,360,145,Ghanikhil,Nangarhar,US strike,1,3,3,0,0,0,0,1,1,http://www.thebureauinvestigates.com/2015/02/12/us-drone-war-afghanistan-list-american-air-strikes-2015/#110
Nangarhar,8/12/15,Ador,360,145,Khogyani,Nangarhar,US strike,1,11,11,0,0,0,0,0,0,http://www.thebureauinvestigates.com/2015/02/12/us-drone-war-afghanistan-list-american-air-strikes-2015/#118
Nangarhar,9/5/15,Machi Megi,360,145,Lal Pura,Nangarhar,US strike,1,13,13,0,0,0,0,0,0,http://www.thebureauinvestigates.com/2015/02/12/us-drone-war-afghanistan-list-american-air-strikes-2015/#19
Nangarhar,9/8/15,Unknown,360,145,Nazyan,Nangarhar,US strike,1,2,6,0,0,0,0,0,0,http://www.thebureauinvestigates.com/2015/02/12/us-drone-war-afghanistan-list-american-air-strikes-2015/#66
Nangarhar,10/3/15,Mamond,360,145,Achin,Nangarhar,US strike,0,6,6,0,0,0,0,0,0,http://www.thebureauinvestigates.com/2015/02/12/us-drone-war-afghanistan-list-american-air-strikes-2015/#81
Nangarhar,10/7/15,"Unknown",360,145,Achin,Nangarhar,US strike,1,30,31,0,0,0,0,0,0,http://www.thebureauinvestigates.com/2015/02/12/us-drone-war-afghanistan-list-american-air-strikes-2015/#54
Nangarhar,11/1/15,Chikanawr,360,145,Lal Pura,Nangarhar,US strike,1,8,8,0,0,0,0,3,3,http://www.thebureauinvestigates.com/2015/02/12/us-drone-war-afghanistan-list-american-air-strikes-2015/#78
Nangarhar,11/2/15,Unknown,360,145,Nazyan,Nangarhar,US strike,0,2,9,0,0,0,0,0,0,http://www.thebureauinvestigates.com/2015/02/12/us-drone-war-afghanistan-list-american-air-strikes-2015/#9
Nangarhar,12/7/15,Maidnak and Chehal Gazi,360,145,Achin,Nangarhar,US strike,1,12,12,0,0,0,0,0,0,http://www.thebureauinvestigates.com/2015/02/12/us-drone-war-afghanistan-list-american-air-strikes-2015/#56
Nangarhar,1/2/16,Momand,360,145,Achin,Nangarhar,US strike,1,21,29,0,0,0,0,0,0,https://www.thebureauinvestigates.com/2016/01/07/get-the-data-a-list-of-us-air-and-drone-strikes-afghanistan-2016/#163
Nangarhar,2/2/16,Bandar,360,145,Achin,Nangarhar,US strike,1,3,4,0,0,0,0,0,0,https://www.thebureauinvestigates.com/2016/01/07/get-the-data-a-list-of-us-air-and-drone-strikes-afghanistan-2016/#165
Nangarhar,3/7/16,Mamond and Pekha,360,145,Achin,Nangarhar,US strike,1,19,19,0,0,0,0,0,0,https://www.thebureauinvestigates.com/2016/01/07/get-the-data-a-list-of-us-air-and-drone-strikes-afghanistan-2016/#231
Nangarhar,3/7/16,Wazir,360,145,Khogyani,Nangarhar,US strike,1,11,11,0,0,0,0,3,5,https://www.thebureauinvestigates.com/2016/01/07/get-the-data-a-list-of-us-air-and-drone-strikes-afghanistan-2016/#232
Nangarhar,4/10/16,Abdul Khel,360,145,Achin,Nangarhar,US strike,1,13,13,0,0,0,0,2,2,https://www.thebureauinvestigates.com/2016/01/07/get-the-data-a-list-of-us-air-and-drone-strikes-afghanistan-2016/#276
Nangarhar,5/2/16,Unknown,360,145,Achin,Nangarhar,US strike,1,16,16,0,0,0,0,0,0,https://www.thebureauinvestigates.com/2016/01/07/get-the-data-a-list-of-us-air-and-drone-strikes-afghanistan-2016/#168
Nangarhar,5/3/16,Mamond Dara,360,145,Achin,Nangarhar,US strike,1,15,15,0,0,0,0,0,0,https://www.thebureauinvestigates.com/2016/01/07/get-the-data-a-list-of-us-air-and-drone-strikes-afghanistan-2016/#178
Nangarhar,5/4/16,Unknown,360,145,Kot,Nangarhar,US strike,1,6,6,0,0,0,0,0,0,https://www.thebureauinvestigates.com/2016/01/07/get-the-data-a-list-of-us-air-and-drone-strikes-afghanistan-2016/#184
Nangarhar,5/7/16,Unknown,360,145,Kot,Nangarhar,US strike,1,12,12,0,0,0,0,0,0,https://www.thebureauinvestigates.com/2016/01/07/get-the-data-a-list-of-us-air-and-drone-strikes-afghanistan-2016/#233
Nangarhar,7/4/16,Unknown,360,145,Achin,Nangarhar,US strike,1,4,4,0,0,0,0,0,0,https://www.thebureauinvestigates.com/2016/01/07/get-the-data-a-list-of-us-air-and-drone-strikes-afghanistan-2016/#185
Nangarhar,7/4/16,Unknown,360,145,Dehrawood,Nangarhar,US strike,1,3,3,0,0,0,0,0,0,https://www.thebureauinvestigates.com/2016/01/07/get-the-data-a-list-of-us-air-and-drone-strikes-afghanistan-2016/#186
Nangarhar,8/1/16,"Maktab village, Pekha",360,145,Achin,Nangarhar,US strike,1,17,20,0,0,0,0,2,2,https://www.thebureauinvestigates.com/2016/01/07/get-the-data-a-list-of-us-air-and-drone-strikes-afghanistan-2016/#142
Nangarhar,8/2/16,Bazaar,360,145,Achin,Nangarhar,US strike,1,11,11,0,0,0,0,2,2,https://www.thebureauinvestigates.com/2016/01/07/get-the-data-a-list-of-us-air-and-drone-strikes-afghanistan-2016/#169
Nangarhar,8/7/16,Unknown,360,145,Achin,Nangarhar,US strike,1,16,16,0,0,0,0,0,0,https://www.thebureauinvestigates.com/2016/01/07/get-the-data-a-list-of-us-air-and-drone-strikes-afghanistan-2016/#234
Nangarhar,8/10/16,Unknown ,360,145,Achin and Deh Bala ,Nangarhar,US strike ,0,0,0,0,0,0,0,0,0,https://www.thebureauinvestigates.com/2016/01/07/get-the-data-a-list-of-us-air-and-drone-strikes-afghanistan-2016/#279
Nangarhar,9/1/16,Unknown,360,145,Achin,Nangarhar,US strike,1,20,20,0,0,0,0,2,2,https://www.thebureauinvestigates.com/2016/01/07/get-the-data-a-list-of-us-air-and-drone-strikes-afghanistan-2016/#145
Nangarhar,9/7/16,Mamond Dara,360,145,Achin,Nangarhar,US strike,1,4,8,0,0,0,0,0,0,https://www.thebureauinvestigates.com/2016/01/07/get-the-data-a-list-of-us-air-and-drone-strikes-afghanistan-2016/#235
Nangarhar,9/7/16,Unknown,360,145,Kot,Nangarhar,US strike,0,0,0,0,0,0,0,0,0,https://www.thebureauinvestigates.com/2016/01/07/get-the-data-a-list-of-us-air-and-drone-strikes-afghanistan-2016/#236
Nangarhar,9/11/16,Mamandara area,360,145,Achin ,Nangarhar,US strike,1,11,14,0,0,0,0,0,0,https://www.thebureauinvestigates.com/2016/01/07/get-the-data-a-list-of-us-air-and-drone-strikes-afghanistan-2016/#291
Nangarhar,11/6/16,Sargardan,360,145,Hesarak,Nangarhar,US strike,1,6,6,0,0,0,0,0,0,https://www.thebureauinvestigates.com/2016/01/07/get-the-data-a-list-of-us-air-and-drone-strikes-afghanistan-2016/#214
Nangarhar,11/6/16,Ghwagezai,360,145,Hesarak,Nangarhar,US strike,1,6,6,0,0,0,0,0,0,https://www.thebureauinvestigates.com/2016/01/07/get-the-data-a-list-of-us-air-and-drone-strikes-afghanistan-2016/#216
Nangarhar,11/7/16,Unknown,360,145,Achin,Nangarhar,US strike,1,4,4,0,0,0,0,0,0,https://www.thebureauinvestigates.com/2016/01/07/get-the-data-a-list-of-us-air-and-drone-strikes-afghanistan-2016/#238
Nangarhar,11/11/16,Mamandara and Moragi areas,360,145,Achin ,Nangarhar ,US strike ,0,13,14,0,0,0,0,0,0,https://www.thebureauinvestigates.com/2016/01/07/get-the-data-a-list-of-us-air-and-drone-strikes-afghanistan-2016/#293
Nangarhar,11/12/16,Langari,360,145,Haska Mena,Nangarhar,US strike,1,7,7,0,0,0,0,0,0,https://www.thebureauinvestigates.com/2016/01/07/get-the-data-a-list-of-us-air-and-drone-strikes-afghanistan-2016/#298
Nangarhar,12/5/16,Zarmakhel,360,145,Pacheragam,Nangarhar,US strike,0,1,1,0,0,0,0,1,1,https://www.thebureauinvestigates.com/2016/01/07/get-the-data-a-list-of-us-air-and-drone-strikes-afghanistan-2016/#202
Nangarhar,12/11/16,Lataband area,360,145,Achin,Nangarhar ,US strike,1,13,13,0,0,0,0,0,0,https://www.thebureauinvestigates.com/2016/01/07/get-the-data-a-list-of-us-air-and-drone-strikes-afghanistan-2016/#292
Nangarhar,1/2/17,Unknown,360,145,Achin,Nangarhar,US strike,1,2,12,0,0,0,0,0,0,https://www.thebureauinvestigates.com/2017/01/11/get-the-data-a-list-of-us-air-and-drone-strikes-afghanistan-2017/313
Nangarhar,1/3/17,Chaknoro,360,145,Lal Pura,Nangarhar,US strike,1,6,6,0,0,0,0,1,1,
Nangarhar,3/2/17,Unknown,360,145,Achin and Haska Mina ,Nangarhar ,US strike ,1,21,21,0,0,0,0,6,6,https://www.thebureauinvestigates.com/2017/01/11/get-the-data-a-list-of-us-air-and-drone-strikes-afghanistan-2017/316
Nangarhar,6/2/17,Char Wazi area,360,145,Haska Mena,Nangarhar,US strike ,1,2,2,0,0,0,0,3,3,https://www.thebureauinvestigates.com/2017/01/11/get-the-data-a-list-of-us-air-and-drone-strikes-afghanistan-2017/318
Nangarhar,8/2/17,Pekhar Khor area and Nari Oba area,360,145,Achin and Haska Mena ,Nangarhar,US strike ,1,11,11,0,0,0,0,6,6,https://www.thebureauinvestigates.com/2017/01/11/get-the-data-a-list-of-us-air-and-drone-strikes-afghanistan-2017/319
Nangarhar,9/3/17,Lam,360,145,Between Nish and Khakriz districts,Kandahar,US strike,0,20,20,0,0,0,0,0,0,
Nangarhar,13/03/2015,Unknown,360,145,Lal Pura,Nangarhar,US strike,1,0,0,0,0,0,0,0,0,http://www.thebureauinvestigates.com/2015/02/12/us-drone-war-afghanistan-list-american-air-strikes-2015/#82
Nangarhar,13/07/2016,Mamond Dara,360,145,Achin,Nangarhar,US strike,1,12,12,0,0,0,0,0,0,https://www.thebureauinvestigates.com/2016/01/07/get-the-data-a-list-of-us-air-and-drone-strikes-afghanistan-2016/#239
Nangarhar,13/07/2016,"Kharawa, Landai and Kochiano-ghnodai",360,145,Achin,Nangarhar,US strike,1,26,26,0,0,0,0,0,0,https://www.thebureauinvestigates.com/2016/01/07/get-the-data-a-list-of-us-air-and-drone-strikes-afghanistan-2016/#240
Nangarhar,13/08/2016,Pekha,360,145,Achin,Nangarhar,US strike,1,2,2,0,0,0,0,0,0,https://www.thebureauinvestigates.com/2016/01/07/get-the-data-a-list-of-us-air-and-drone-strikes-afghanistan-2016/#257
Nangarhar,13/09/2015,Marsangi,360,145,Lal Pura,Nangarhar,US strike,1,4,5,0,0,0,0,2,2,http://www.thebureauinvestigates.com/2015/02/12/us-drone-war-afghanistan-list-american-air-strikes-2015/#84
Nangarhar,13/10/2015,Unknown,360,145,Nangarhar,Nangarhar,US strike,0,6,6,0,0,0,0,0,0,http://www.thebureauinvestigates.com/2015/02/12/us-drone-war-afghanistan-list-american-air-strikes-2015/#98
Nangarhar,14/01/2016,"Abdulkhelo area, Bandar locality",360,145,Achin,Nangarhar,US strike,1,12,12,0,0,0,0,0,0,https://www.thebureauinvestigates.com/2016/01/07/get-the-data-a-list-of-us-air-and-drone-strikes-afghanistan-2016/#149
Nangarhar,14/04/2016,Unknown,360,145,Achin,Nangarhar,US strike,0,0,0,0,0,0,0,0,0,https://www.thebureauinvestigates.com/2016/01/07/get-the-data-a-list-of-us-air-and-drone-strikes-afghanistan-2016/#190
Nangarhar,14/05/2015,Unknown,360,145,"Bati Kot",Nangarhar,US strike,1,4,4,0,0,0,0,1,1,http://www.thebureauinvestigates.com/2015/02/12/us-drone-war-afghanistan-list-american-air-strikes-2015/#20
Nangarhar,14/06/2016,Karkanai,360,145,Achin,Nangarhar,US strike,1,10,10,0,0,0,0,0,0,https://www.thebureauinvestigates.com/2016/01/07/get-the-data-a-list-of-us-air-and-drone-strikes-afghanistan-2016/#217
Nangarhar,14/07/2015,"Unknown",360,145,"Haska Mina",Nangarhar,US strike,1,28,28,0,0,0,0,0,0,http://www.thebureauinvestigates.com/2015/02/12/us-drone-war-afghanistan-list-american-air-strikes-2015/#55
Nangarhar,14/07/2016,Bandar Khwar and Dah Sarak,360,145,Achin,Nangarhar,US strike,1,12,12,0,0,0,0,2,2,https://www.thebureauinvestigates.com/2016/01/07/get-the-data-a-list-of-us-air-and-drone-strikes-afghanistan-2016/#241
Nangarhar,14/07/2016,Peera Khel,360,145,Khogyani,Nangarhar,US strike,1,4,4,0,0,0,0,3,3,https://www.thebureauinvestigates.com/2016/01/07/get-the-data-a-list-of-us-air-and-drone-strikes-afghanistan-2016/#248
Nangarhar,14/11/2015,Landi Kambo,360,145,Khogyani,Nangarhar,US strike,1,12,13,0,0,0,0,0,0,http://www.thebureauinvestigates.com/2015/02/12/us-drone-war-afghanistan-list-american-air-strikes-2015/#111
Nangarhar,15/02/2016,Unknown,360,145,Nazyan,Nangarhar,US strike,0,15,15,0,0,0,0,0,0,https://www.thebureauinvestigates.com/2016/01/07/get-the-data-a-list-of-us-air-and-drone-strikes-afghanistan-2016/#179
Nangarhar,15/05/2015,"Various: Chahardahi in Bati Kot, Bandar Darah in Dur Baba, Murdai in Achin",360,145,"Various: Nazyan, Bati Kot, Bandar Darah, Dur Baba, Achin",Nangarhar,US strike,1,5,41,0,0,0,0,0,0,http://www.thebureauinvestigates.com/2015/02/12/us-drone-war-afghanistan-list-american-air-strikes-2015/#21
Nangarhar,15/06/2016,Karkanai,360,145,Achin,Nangarhar,US strike,1,21,21,0,0,0,0,0,0,https://www.thebureauinvestigates.com/2016/01/07/get-the-data-a-list-of-us-air-and-drone-strikes-afghanistan-2016/#237
Nangarhar,15/12/2016,Kharga ,360,145,Haska Mena,Nangarhar,US strike ,1,4,6,0,0,0,0,0,0,https://www.thebureauinvestigates.com/2016/01/07/get-the-data-a-list-of-us-air-and-drone-strikes-afghanistan-2016/#299
Nangarhar,16/01/2015,Unknown,360,145,Nazyan,Nangarhar,US strike,1,3,3,0,0,0,0,0,0,http://www.thebureauinvestigates.com/2015/02/12/us-drone-war-afghanistan-list-american-air-strikes-2015/#7
Nangarhar,16/01/2016,Unkown,360,145,Deh Bala,Nangarhar,US strike,0,17,17,0,0,0,0,0,0,https://www.thebureauinvestigates.com/2016/01/07/get-the-data-a-list-of-us-air-and-drone-strikes-afghanistan-2016/#150
Nangarhar,16/01/2016,Shabi Tangi,360,145,Haska Mena,Nangarhar,US strike,1,22,22,0,0,0,0,0,0,https://www.thebureauinvestigates.com/2016/01/07/get-the-data-a-list-of-us-air-and-drone-strikes-afghanistan-2016/#151
Nangarhar,16/07/2015,Unknown,360,145,"Haska Mina",Nangarhar,US strike,1,6,6,0,0,0,0,0,0,http://www.thebureauinvestigates.com/2015/02/12/us-drone-war-afghanistan-list-american-air-strikes-2015/#58
Nangarhar,16/07/2016,Unknown,360,145,Achin,Nangarhar,US strike,1,6,6,0,0,0,0,0,0,https://www.thebureauinvestigates.com/2016/01/07/get-the-data-a-list-of-us-air-and-drone-strikes-afghanistan-2016/#244
Nangarhar,16/07/2016,Spin Zaea,360,145,Nazyano,Nangarhar,US strike,1,15,15,0,0,0,0,0,0,https://www.thebureauinvestigates.com/2016/01/07/get-the-data-a-list-of-us-air-and-drone-strikes-afghanistan-2016/#243
Nangarhar,17/01/2015,Unknown,360,145,Lal Pura,Nangarhar,US strike,0,0,0,0,0,0,0,0,0,http://www.thebureauinvestigates.com/2015/02/12/us-drone-war-afghanistan-list-american-air-strikes-2015/#121
Nangarhar,17/09/2015,Melawe,360,145,Nazyan,Nangarhar,US strike,1,5,5,0,0,0,0,0,0,http://www.thebureauinvestigates.com/2015/02/12/us-drone-war-afghanistan-list-american-air-strikes-2015/#86
Nangarhar,17/11/2015,Unknown,360,145,Behsood,Nangarhar,US strike,1,8,8,0,0,0,0,0,0,http://www.thebureauinvestigates.com/2015/02/12/us-drone-war-afghanistan-list-american-air-strikes-2015/#112
Nangarhar,18/02/2015,Fathi Khani,360,145,Khogyani,Nangarhar,US strike,1,8,8,0,0,0,0,0,0,http://www.thebureauinvestigates.com/2015/02/12/us-drone-war-afghanistan-list-american-air-strikes-2015/#79
Nangarhar,18/03/2017,Unknown ,360,145,Nangarhar,Nangarhar ,US strike,0,0,0,0,0,0,0,0,0,
Nangarhar,19/01/2015,Unknown,360,145,Khugyani,Nangarhar,US strike,0,0,0,0,0,0,0,0,0,http://www.thebureauinvestigates.com/2015/02/12/us-drone-war-afghanistan-list-american-air-strikes-2015/#122
Nangarhar,19/01/2016,Deh Sarak,360,145,Achin,Nangarhar,US strike,1,5,5,0,0,0,0,0,0,https://www.thebureauinvestigates.com/2016/01/07/get-the-data-a-list-of-us-air-and-drone-strikes-afghanistan-2016/#152
Nangarhar,19/01/2016,Deh Sarak,360,145,Achin,Nangarhar,US strike,1,5,5,0,0,0,0,0,0,https://www.thebureauinvestigates.com/2016/01/07/get-the-data-a-list-of-us-air-and-drone-strikes-afghanistan-2016/#153
Nangarhar,19/03/2017,Unknown ,360,145,Nangarhar,Nangarhar ,US strike,0,0,0,0,0,0,0,0,0,
Nangarhar,19/04/2016,Shadal,360,145,Achin,Nangarhar,US strike,1,5,5,0,0,0,0,0,0,https://www.thebureauinvestigates.com/2016/01/07/get-the-data-a-list-of-us-air-and-drone-strikes-afghanistan-2016/#191
Nangarhar,19/06/2015,Kamar Kandaw,360,145,Haska Meena,Nangarhar,US strike,1,4,7,0,0,0,0,0,0,http://www.thebureauinvestigates.com/2015/02/12/us-drone-war-afghanistan-list-american-air-strikes-2015/#37
Nangarhar,19/06/2015,Unknown,360,145,Mohmand Dara,Nangarhar,US strike,1,8,8,0,0,0,0,0,0,http://www.thebureauinvestigates.com/2015/02/12/us-drone-war-afghanistan-list-american-air-strikes-2015/#36
Nangarhar,19/07/2016,Bandar,360,145,Achin,Nangarhar,US strike,1,5,5,0,0,0,0,0,0,https://www.thebureauinvestigates.com/2016/01/07/get-the-data-a-list-of-us-air-and-drone-strikes-afghanistan-2016/#246
Nangarhar,19/12/2015,Unknown,360,145,Bati Kot,Nangarhar,US air and ground operations,1,3,3,0,0,0,0,2,2,http://www.thebureauinvestigates.com/2015/02/12/us-drone-war-afghanistan-list-american-air-strikes-2015/#135
Nangarhar,20/04/2016,Unknown,360,145,Achin,Nangarhar,US strike,1,4,4,0,0,0,0,0,0,https://www.thebureauinvestigates.com/2016/01/07/get-the-data-a-list-of-us-air-and-drone-strikes-afghanistan-2016/#192
Nangarhar,20/07/2016,Unknown,360,145,Achin,Nangarhar,US strike,1,15,15,0,0,0,0,0,0,https://www.thebureauinvestigates.com/2016/01/07/get-the-data-a-list-of-us-air-and-drone-strikes-afghanistan-2016/#247
Nangarhar,20/11/2016,Mamandari ,360,145,Achin ,Nangarhar ,US strike,1,2,2,0,0,0,0,0,0,https://www.thebureauinvestigates.com/2016/01/07/get-the-data-a-list-of-us-air-and-drone-strikes-afghanistan-2016/#295
Nangarhar,21/03/2016,Khwargai,360,145,Kot,Nangarhar,US strike,1,8,8,0,0,0,0,0,0,https://www.thebureauinvestigates.com/2016/01/07/get-the-data-a-list-of-us-air-and-drone-strikes-afghanistan-2016/#180
Nangarhar,21/06/2015,Barikaab Dab,360,145,Bati Kot,Nangarhar,US strike,1,6,7,0,0,0,0,0,0,http://www.thebureauinvestigates.com/2015/02/12/us-drone-war-afghanistan-list-american-air-strikes-2015/#38
Nangarhar,22/01/2016,Abdulkhel area,360,145,Achin,Nangarhar,US strike,1,3,3,0,0,0,0,0,0,https://www.thebureauinvestigates.com/2016/01/07/get-the-data-a-list-of-us-air-and-drone-strikes-afghanistan-2016/#156
Nangarhar,22/01/2016,Gorgori,360,145,Haska Mena,Nangarhar,US strike,1,10,10,0,0,0,0,0,0,https://www.thebureauinvestigates.com/2016/01/07/get-the-data-a-list-of-us-air-and-drone-strikes-afghanistan-2016/#157
Nangarhar,22/01/2016,Unknown,360,145,Nangarhar,Nangarhar,US strike,1,2,2,0,0,0,0,0,0,https://www.thebureauinvestigates.com/2016/01/07/get-the-data-a-list-of-us-air-and-drone-strikes-afghanistan-2016/#155
Nangarhar,22/02/2016,Pekha Khwar,360,145,Achin,Nangarhar,US strike,1,22,25,0,0,0,0,0,0,https://www.thebureauinvestigates.com/2016/01/07/get-the-data-a-list-of-us-air-and-drone-strikes-afghanistan-2016/#171
Nangarhar,22/03/2016,Janajal Ghondie,360,145,Kot,Nangarhar,US strike,1,2,8,0,0,0,0,0,0,https://www.thebureauinvestigates.com/2016/01/07/get-the-data-a-list-of-us-air-and-drone-strikes-afghanistan-2016/#181
Nangarhar,22/03/2016,Bandar,360,145,Kot,Nangarhar,US strike,1,5,5,0,0,0,0,0,0,https://www.thebureauinvestigates.com/2016/01/07/get-the-data-a-list-of-us-air-and-drone-strikes-afghanistan-2016/#182
Nangarhar,22/05/2016,Karkani,360,145,Achin,Nangarhar,US strike,1,9,9,0,0,0,0,0,0,https://www.thebureauinvestigates.com/2016/01/07/get-the-data-a-list-of-us-air-and-drone-strikes-afghanistan-2016/#204
Nangarhar,22/06/2016,Pir Shah Khelo,360,145,Kot,Nangarhar,US strike,1,4,4,0,0,0,0,0,0,https://www.thebureauinvestigates.com/2016/01/07/get-the-data-a-list-of-us-air-and-drone-strikes-afghanistan-2016/#221
Nangarhar,22/08/2016,Unknown,360,145,Kot,Nangarhar,US strike,1,4,4,0,0,0,0,0,0,https://www.thebureauinvestigates.com/2016/01/07/get-the-data-a-list-of-us-air-and-drone-strikes-afghanistan-2016/#260
Nangarhar,22/09/2016,Tawar Tangi,360,145,Hesarak,Nangarhar,US strike ,0,18,18,0,0,0,0,6,6,https://www.thebureauinvestigates.com/2016/01/07/get-the-data-a-list-of-us-air-and-drone-strikes-afghanistan-2016/#272
Nangarhar,22/09/2016,Spinajai ,360,145,Nazyan,Nangarhar,US strike ,0,5,5,0,0,0,0,0,0,https://www.thebureauinvestigates.com/2016/01/07/get-the-data-a-list-of-us-air-and-drone-strikes-afghanistan-2016/#271
Nangarhar,22/12/2015,28th canal area,360,145,Ghani Khel,Nangarhar,US air and ground operations,1,3,3,0,0,0,0,0,0,http://www.thebureauinvestigates.com/2015/02/12/us-drone-war-afghanistan-list-american-air-strikes-2015/#136
Nangarhar,23/01/2016,Bandar,360,145,Achin,Nangarhar,US strike,1,3,3,0,0,0,0,0,0,https://www.thebureauinvestigates.com/2016/01/07/get-the-data-a-list-of-us-air-and-drone-strikes-afghanistan-2016/#158
Nangarhar,23/01/2016,Nargusi,360,145,Achin,Nangarhar,US strike,1,6,6,0,0,0,0,0,0,https://www.thebureauinvestigates.com/2016/01/07/get-the-data-a-list-of-us-air-and-drone-strikes-afghanistan-2016/#159
Nangarhar,23/03/2015,Unknown,360,145,Nazyan,Nangarhar,US strike,1,9,13,0,0,0,0,0,0,http://www.thebureauinvestigates.com/2015/02/12/us-drone-war-afghanistan-list-american-air-strikes-2015/#10
Nangarhar,23/06/2016,Rahmati and Marsing,360,145,Lal Pura,Nangarhar,US strike,1,7,7,0,0,0,0,3,3,https://www.thebureauinvestigates.com/2016/01/07/get-the-data-a-list-of-us-air-and-drone-strikes-afghanistan-2016/#229
Nangarhar,23/07/2016,Unknown,360,145,Achin,Nangarhar,US strike,1,8,8,0,0,0,0,0,0,https://www.thebureauinvestigates.com/2016/01/07/get-the-data-a-list-of-us-air-and-drone-strikes-afghanistan-2016/#249
Nangarhar,23/07/2016,Unknown,360,145,Achin,Nangarhar,US strike,0,0,0,0,0,0,0,0,0,https://www.thebureauinvestigates.com/2016/01/07/get-the-data-a-list-of-us-air-and-drone-strikes-afghanistan-2016/#250
Nangarhar,23/10/2015,Mamand or Bandar,360,145,Achin,Nangarhar,US strike,0,8,10,0,0,0,0,0,0,http://www.thebureauinvestigates.com/2015/02/12/us-drone-war-afghanistan-list-american-air-strikes-2015/#101
Nangarhar,23/10/2015,Bandar,360,145,Achin,Nangarhar,US strike,0,3,3,0,0,0,0,0,0,http://www.thebureauinvestigates.com/2015/02/12/us-drone-war-afghanistan-list-american-air-strikes-2015/#102
Nangarhar,23/10/2015,Abdul Khel,360,145,Achin,Nangarhar,US strike,0,10,10,0,0,0,0,0,0,http://www.thebureauinvestigates.com/2015/02/12/us-drone-war-afghanistan-list-american-air-strikes-2015/#103
Nangarhar,23/10/2015,Unknown,360,145,Nazyan,Nangarhar,US strike,1,6,6,0,0,0,0,3,3,http://www.thebureauinvestigates.com/2015/02/12/us-drone-war-afghanistan-list-american-air-strikes-2015/#100
Nangarhar,23/12/2015,Atewishtama Wyala,360,145,Ghanikhel,Nangarhar,US strike,1,3,3,0,0,0,0,0,0,http://www.thebureauinvestigates.com/2015/02/12/us-drone-war-afghanistan-list-american-air-strikes-2015/#138
Nangarhar,24/01/2016,Bandar Khwar,360,145,Achin,Nangarhar,US strike,1,4,4,0,0,0,0,0,0,https://www.thebureauinvestigates.com/2016/01/07/get-the-data-a-list-of-us-air-and-drone-strikes-afghanistan-2016/#161
Nangarhar,24/01/2016,Gurguri,360,145,Deh Bala,Nangarhar,US strike,1,13,13,0,0,0,0,0,0,https://www.thebureauinvestigates.com/2016/01/07/get-the-data-a-list-of-us-air-and-drone-strikes-afghanistan-2016/#160
Nangarhar,24/11/2015,Unknown,360,145,Behsood,Nangarhar,US strike,1,8,8,0,0,0,0,0,0,http://www.thebureauinvestigates.com/2015/02/12/us-drone-war-afghanistan-list-american-air-strikes-2015/#115
Nangarhar,24/11/2015,Dabila,360,145,Mohmand Dara,Nangarhar,US strike,1,2,2,0,0,0,0,0,0,http://www.thebureauinvestigates.com/2015/02/12/us-drone-war-afghanistan-list-american-air-strikes-2015/#114
Nangarhar,24/12/2016,Bandar,360,145,Achin,Nangarhar,US strike,1,2,2,0,0,0,0,0,0,https://www.thebureauinvestigates.com/2016/01/07/get-the-data-a-list-of-us-air-and-drone-strikes-afghanistan-2016/#302
Nangarhar,24/12/2016,Ambarkhani,360,145,Bati Kot,Nangarhar,US strike,1,1,1,0,0,0,0,4,4,https://www.thebureauinvestigates.com/2016/01/07/get-the-data-a-list-of-us-air-and-drone-strikes-afghanistan-2016/#301
Nangarhar,25/01/2016,Unknown,360,145,Achin,Nangarhar,US strike,1,5,5,0,0,0,0,0,0,https://www.thebureauinvestigates.com/2016/01/07/get-the-data-a-list-of-us-air-and-drone-strikes-afghanistan-2016/#162
Nangarhar,26/03/2016,Unknown,360,145,Achin or Mamand Dara,Nangarhar,US strike,1,11,11,0,0,0,0,0,0,https://www.thebureauinvestigates.com/2016/01/07/get-the-data-a-list-of-us-air-and-drone-strikes-afghanistan-2016/#183
Nangarhar,26/05/2016,Sarobi,360,145,Achin,Nangarhar,US strike,1,6,6,0,0,0,0,0,0,https://www.thebureauinvestigates.com/2016/01/07/get-the-data-a-list-of-us-air-and-drone-strikes-afghanistan-2016/#205
Nangarhar,26/05/2016,Unknown,360,145,Kot,Nangarhar,US strike,1,2,2,0,0,0,0,0,0,https://www.thebureauinvestigates.com/2016/01/07/get-the-data-a-list-of-us-air-and-drone-strikes-afghanistan-2016/#207
Nangarhar,26/05/2016,Pirakhel,360,145,Wazir,Nangarhar,US strike,1,4,4,0,0,0,0,0,0,https://www.thebureauinvestigates.com/2016/01/07/get-the-data-a-list-of-us-air-and-drone-strikes-afghanistan-2016/#206
Nangarhar,26/06/2016,Unknown,360,145,Kot,Nangarhar,US strike,1,30,30,0,0,0,0,0,0,https://www.thebureauinvestigates.com/2016/01/07/get-the-data-a-list-of-us-air-and-drone-strikes-afghanistan-2016/#224
Nangarhar,26/07/2015,Chaknawr,360,145,Lal Pura,Nangarhar,US strike,1,5,6,0,0,0,0,0,0,http://www.thebureauinvestigates.com/2015/02/12/us-drone-war-afghanistan-list-american-air-strikes-2015/#61
Nangarhar,26/07/2016,Unknown,360,145,Achin,Nangarhar,US strike,0,1,1,0,0,0,0,0,0,https://www.thebureauinvestigates.com/2016/01/07/get-the-data-a-list-of-us-air-and-drone-strikes-afghanistan-2016/#255
Nangarhar,26/08/2015,Kotikhil,360,145,"Shirzad",Nangarhar,US strike,1,4,4,0,0,0,0,0,0,http://www.thebureauinvestigates.com/2015/02/12/us-drone-war-afghanistan-list-american-air-strikes-2015/#72
Nangarhar,27/02/2017,Sangini ,360,145,Charparhar,Nangarhar,US strike ,1,2,2,0,0,0,0,3,3,
Nangarhar,27/07/2016,Pekhi Kali,360,145,Achin,Nangarhar,US strike,1,6,6,0,0,0,0,3,3,https://www.thebureauinvestigates.com/2016/01/07/get-the-data-a-list-of-us-air-and-drone-strikes-afghanistan-2016/#251
Nangarhar,27/07/2016,Milwa Kand,360,145,Nazian,Nangarhar,US strike,1,2,2,0,0,0,0,0,0,https://www.thebureauinvestigates.com/2016/01/07/get-the-data-a-list-of-us-air-and-drone-strikes-afghanistan-2016/#252
Nangarhar,27/10/2015,Syah Cho,360,145,Achin,Nangarhar,US strike,0,11,12,0,1,0,0,0,0,http://www.thebureauinvestigates.com/2015/02/12/us-drone-war-afghanistan-list-american-air-strikes-2015/#104
Nangarhar,27/11/2016,Gorgori,360,145,Haska Mena,Nangarhar,US strike,1,7,7,0,0,0,0,3,3,https://www.thebureauinvestigates.com/2016/01/07/get-the-data-a-list-of-us-air-and-drone-strikes-afghanistan-2016/#297
Nangarhar,27/12/2016,Langar Kandaw,360,145,Achin,Nangarhar,US strike ,1,3,3,0,0,0,0,0,0,https://www.thebureauinvestigates.com/2016/01/07/get-the-data-a-list-of-us-air-and-drone-strikes-afghanistan-2016/#303
Nangarhar,28/01/2017,Unknown,360,145,Nangarhar,Nangarhar,US strike,1,7,7,0,0,0,0,0,0,https://www.thebureauinvestigates.com/2017/01/11/get-the-data-a-list-of-us-air-and-drone-strikes-afghanistan-2017/310
Nangarhar,28/02/2016,Mamand Dara and Pekha,360,145,Achin,Nangarhar,US strike,1,7,9,0,0,0,0,0,0,https://www.thebureauinvestigates.com/2016/01/07/get-the-data-a-list-of-us-air-and-drone-strikes-afghanistan-2016/#174
Nangarhar,28/04/2016,Narai Obam,360,145,Haska Mena,Nangarhar,US strike,1,15,15,0,0,0,0,0,0,https://www.thebureauinvestigates.com/2016/01/07/get-the-data-a-list-of-us-air-and-drone-strikes-afghanistan-2016/#193
Nangarhar,28/12/2016,Papin,360,145,Haska Mena,Nangarhar,US strike ,1,2,2,0,0,0,0,1,1,https://www.thebureauinvestigates.com/2016/01/07/get-the-data-a-list-of-us-air-and-drone-strikes-afghanistan-2016/#304
Nangarhar,29/05/2016,Unknown,360,145,De Bala,Nangarhar,US strike,1,2,2,0,0,0,0,0,0,https://www.thebureauinvestigates.com/2016/01/07/get-the-data-a-list-of-us-air-and-drone-strikes-afghanistan-2016/#210
Nangarhar,29/05/2016,Kangari Kando,360,145,Haska Mena,Nangarhar,US strike,1,6,6,0,0,0,0,0,0,https://www.thebureauinvestigates.com/2016/01/07/get-the-data-a-list-of-us-air-and-drone-strikes-afghanistan-2016/#208
Nangarhar,29/06/2016,Unknown,360,145,Dasht e Archi,Nangarhar,US strike,1,10,10,0,0,0,0,0,0,https://www.thebureauinvestigates.com/2016/01/07/get-the-data-a-list-of-us-air-and-drone-strikes-afghanistan-2016/#228
Nangarhar,29/07/2015,Harun Baba,360,145,Haska Mina and Pachiragam,Nangarhar,US strike,1,12,20,0,0,0,0,0,0,http://www.thebureauinvestigates.com/2015/02/12/us-drone-war-afghanistan-list-american-air-strikes-2015/#62
Nangarhar,29/10/2015,Unknown,360,145,Nazyan,Nangarhar,US strike,1,3,4,0,0,0,0,0,0,http://www.thebureauinvestigates.com/2015/02/12/us-drone-war-afghanistan-list-american-air-strikes-2015/#105
Nangarhar,30/04/2016,Unknown,360,145,Chaparhar and Haska Mina,Nangarhar,US strike,1,38,38,0,0,0,0,0,0,https://www.thebureauinvestigates.com/2016/01/07/get-the-data-a-list-of-us-air-and-drone-strikes-afghanistan-2016/#194
Nangarhar,30/06/2015,Machi Megi,360,145,Lal Pura,Nangarhar,US strike,1,4,14,0,0,0,0,12,12,http://www.thebureauinvestigates.com/2015/02/12/us-drone-war-afghanistan-list-american-air-strikes-2015/#43
Nangarhar,30/08/2016,Unknown,360,145,Lal Pura,Nangarhar,US strike,0,6,6,0,0,0,0,3,3,https://www.thebureauinvestigates.com/2016/01/07/get-the-data-a-list-of-us-air-and-drone-strikes-afghanistan-2016/#262
Nangarhar,30/10/2016,Janjal Shaga and Shaistagar,360,145,Achin,Nangarhar,US helicopter strikes,0,11,11,0,0,0,0,0,0,https://www.thebureauinvestigates.com/2016/01/07/get-the-data-a-list-of-us-air-and-drone-strikes-afghanistan-2016/#287
Nangarhar,31/08/2016,Unknown,360,145,Deh Bala,Nangarhar,US strike,0,17,17,0,0,0,0,0,0,https://www.thebureauinvestigates.com/2016/01/07/get-the-data-a-list-of-us-air-and-drone-strikes-afghanistan-2016/#263
Nangarhar ,15/12/2016,Pekha,360,145,Achin,Nangarhar ,US strike ,1,2,2,0,0,0,0,0,0,https://www.thebureauinvestigates.com/2016/01/07/get-the-data-a-list-of-us-air-and-drone-strikes-afghanistan-2016/#300
Nangarhar ,18/06/2016,"Dara e Mohmand, Mazdaki, Abdulkhail",360,145,Achin,Nangarhar,US strike,1,23,27,0,0,0,0,0,0,https://www.thebureauinvestigates.com/2016/01/07/get-the-data-a-list-of-us-air-and-drone-strikes-afghanistan-2016/#219
Nangarhar ,18/06/2016,Taraki,360,145,Dasht e Archi,Nangarhar,US strike ,1,8,8,0,0,0,0,0,0,https://www.thebureauinvestigates.com/2016/01/07/get-the-data-a-list-of-us-air-and-drone-strikes-afghanistan-2016/#218
Nangarhar ,18/11/2016,Lagharjoi area,360,145,Kot ,Nangarhar ,US strike,1,7,7,0,0,0,0,0,0,https://www.thebureauinvestigates.com/2016/01/07/get-the-data-a-list-of-us-air-and-drone-strikes-afghanistan-2016/#293
Nangarhar ,20/01/2017,Bandr Khor ,360,145,Achin,Nangarhar ,US strike ,1,4,6,0,0,0,0,0,0,https://www.thebureauinvestigates.com/2017/01/11/get-the-data-a-list-of-us-air-and-drone-strikes-afghanistan-2017/309
Nangarhar ,20/02/2017,Bandar,360,145,Achin,Nangarhar ,US strike ,1,12,12,0,0,0,0,0,0,
Nangarhar ,22/09/2016,Dastandar,360,145,Kot ,Nangarhar ,US strike ,0,7,7,0,0,0,0,0,0,https://www.thebureauinvestigates.com/2016/01/07/get-the-data-a-list-of-us-air-and-drone-strikes-afghanistan-2016/#270
Nangarhar ,22/10/2016,Koz-Pachir village ,360,145, Pachiragam,Nangarhar ,US strike ,1,5,5,0,0,0,0,0,0,https://www.thebureauinvestigates.com/2016/01/07/get-the-data-a-list-of-us-air-and-drone-strikes-afghanistan-2016/#283
Nangarhar ,27/01/2017,Bandar ,360,145,Achin,Nangarhar ,US strike ,1,7,7,0,0,0,0,0,0,https://www.thebureauinvestigates.com/2017/01/11/get-the-data-a-list-of-us-air-and-drone-strikes-afghanistan-2017/311
Nangarhar ,28/09/2016,Unknown,360,145,Achin ,Nangarhar ,US strike,1,18,21,15,15,0,0,13,27,https://www.thebureauinvestigates.com/2016/01/07/get-the-data-a-list-of-us-air-and-drone-strikes-afghanistan-2016/#275
Nangarhar ,28/10/2016,Unknown,360,145,Sherzad,Nangarhar ,US strike ,0,2,4,2,4,0,0,0,30,https://www.thebureauinvestigates.com/2016/01/07/get-the-data-a-list-of-us-air-and-drone-strikes-afghanistan-2016/#285
Nangarhar ,28/12/2016,Gandi-Bagh,360,145,Charparhar,Nangarhar ,US strike ,1,3,3,0,0,0,0,7,7,https://www.thebureauinvestigates.com/2016/01/07/get-the-data-a-list-of-us-air-and-drone-strikes-afghanistan-2016/#305
Nuristan,20/06/2015,Unknown,367,118,"Kanish",Nuristan,US strike,1,4,9,0,0,0,0,0,0,http://www.thebureauinvestigates.com/2015/02/12/us-drone-war-afghanistan-list-american-air-strikes-2015/#39
Nuristan,26/06/2015,"Unknown",367,118,Nuristan,Nuristan,US strike,0,6,6,0,0,0,0,0,0,http://www.thebureauinvestigates.com/2015/02/12/us-drone-war-afghanistan-list-american-air-strikes-2015/#40
Nuristan,27/05/2015,Unknown,367,118,Want Waigal,Nuristan,US strike,1,5,5,0,0,0,0,0,0,http://www.thebureauinvestigates.com/2015/02/12/us-drone-war-afghanistan-list-american-air-strikes-2015/#23
Nuristan,27/06/2015,Mardish,367,118,Want Waigal,Nuristan,US strike,1,5,5,0,0,0,0,3,3,http://www.thebureauinvestigates.com/2015/02/12/us-drone-war-afghanistan-list-american-air-strikes-2015/#42
Paktika,3/1/15,Unknown,330,190,Gayan,Paktika,US strike,0,18,18,0,0,0,0,0,0,http://www.thebureauinvestigates.com/2015/02/12/us-drone-war-afghanistan-list-american-air-strikes-2015/#3
Paktika,10/9/15,Unknown,330,190,Gomal,Paktika,US strike,1,5,15,0,0,0,0,0,0,http://www.thebureauinvestigates.com/2015/02/12/us-drone-war-afghanistan-list-american-air-strikes-2015/#85
Paktika,11/6/15,Maroufkhil,330,190,Khushamand,Paktika,US strike,1,30,30,0,0,0,0,0,0,http://www.thebureauinvestigates.com/2015/02/12/us-drone-war-afghanistan-list-american-air-strikes-2015/#33
Paktika,11/6/15,Jarkani,330,190,Yousufkhil,Paktika,US strike,1,2,2,0,0,0,0,0,0,http://www.thebureauinvestigates.com/2015/02/12/us-drone-war-afghanistan-list-american-air-strikes-2015/#34
Paktika,11/7/15,"Unknown",330,190,Bermal,Paktika,US strike,1,3,3,0,0,0,0,0,0,http://www.thebureauinvestigates.com/2015/02/12/us-drone-war-afghanistan-list-american-air-strikes-2015/#60
Paktika,1/2/16,Unknown,330,190,Bermal or Gomal,Paktika,US strike,1,19,19,0,0,0,0,0,0,https://www.thebureauinvestigates.com/2016/01/07/get-the-data-a-list-of-us-air-and-drone-strikes-afghanistan-2016/#164
Paktika,2/6/16,Kharkot,330,190,Gayan,Paktika,US strike,1,10,10,0,0,0,0,0,0,https://www.thebureauinvestigates.com/2016/01/07/get-the-data-a-list-of-us-air-and-drone-strikes-afghanistan-2016/#212
Paktika,4/2/16,"Daman, Marghay",330,190,Bermal,Paktika,US strike,1,10,15,0,0,0,0,0,0,https://www.thebureauinvestigates.com/2016/01/07/get-the-data-a-list-of-us-air-and-drone-strikes-afghanistan-2016/#166
Paktika,7/4/16,Nematabad,330,190,Gomal,Paktika,US strike,1,14,21,14,21,0,0,0,0,https://www.thebureauinvestigates.com/2016/01/07/get-the-data-a-list-of-us-air-and-drone-strikes-afghanistan-2016/#187
Paktika,8/1/16,Unknown,330,190,Bermal,Paktika,US strike,0,0,0,0,0,0,0,0,0,https://www.thebureauinvestigates.com/2016/01/07/get-the-data-a-list-of-us-air-and-drone-strikes-afghanistan-2016/#144
Paktika,8/6/16,Unknown,330,190,Sar Rawza,Paktika,US strike,1,2,2,0,0,0,0,0,0,https://www.thebureauinvestigates.com/2016/01/07/get-the-data-a-list-of-us-air-and-drone-strikes-afghanistan-2016/#213
Paktika,10/1/16,Unknown,330,190,Bermal,Paktika,US strike,0,0,0,0,0,0,0,0,0,https://www.thebureauinvestigates.com/2016/01/07/get-the-data-a-list-of-us-air-and-drone-strikes-afghanistan-2016/#147
Paktika,10/1/16,Unknown,330,190,Bermal,Paktika,US strike,0,0,0,0,0,0,0,0,0,https://www.thebureauinvestigates.com/2016/01/07/get-the-data-a-list-of-us-air-and-drone-strikes-afghanistan-2016/#148
Paktika,11/2/16,Unknown,330,190,Gomal,Paktika,US strike,1,13,18,0,0,0,0,0,0,https://www.thebureauinvestigates.com/2016/01/07/get-the-data-a-list-of-us-air-and-drone-strikes-afghanistan-2016/#175
Paktika,12/8/16,Unknown,330,190,Khoshamand,Paktika,US strike,1,20,25,0,5,0,4,25,25,https://www.thebureauinvestigates.com/2016/01/07/get-the-data-a-list-of-us-air-and-drone-strikes-afghanistan-2016/#256
Paktika,17/02/2016,Raghi,330,190,Gomal,Paktika,US strike,1,6,6,0,0,0,0,0,0,https://www.thebureauinvestigates.com/2016/01/07/get-the-data-a-list-of-us-air-and-drone-strikes-afghanistan-2016/#176
Paktika,18/02/2016,Raghi,330,190,Gomal,PAktika,US strike,1,6,6,0,0,0,0,0,0,https://www.thebureauinvestigates.com/2016/01/07/get-the-data-a-list-of-us-air-and-drone-strikes-afghanistan-2016/#177
Paktika,18/03/2017,Unknown ,330,190,Paktika,Paktika ,US strike,1,2,2,0,0,0,0,0,0,
Paktika,19/03/2017,Unknown ,330,190,Paktika,Paktika ,US strike,1,4,4,0,0,0,0,0,0,
Paktika,24/09/2016,Unknown,330,190,Bermal,Paktika,US strike,0,0,0,0,0,0,0,0,0,https://www.thebureauinvestigates.com/2016/01/07/get-the-data-a-list-of-us-air-and-drone-strikes-afghanistan-2016/#273
Paktika,25/09/2016,Unknown,330,190,Bermal,Paktika ,US strike,0,0,0,0,0,0,0,0,0,https://www.thebureauinvestigates.com/2016/01/07/get-the-data-a-list-of-us-air-and-drone-strikes-afghanistan-2016/#274
Paktika,26/02/2016,Dadul,330,190,Gomal,Paktika,US strike,1,3,3,0,0,0,0,0,0,https://www.thebureauinvestigates.com/2016/01/07/get-the-data-a-list-of-us-air-and-drone-strikes-afghanistan-2016/#173
Paktika,27/06/2015,"Unknown",330,190,Paktika,Paktika,US strike,1,1,1,0,0,0,0,0,0,http://www.thebureauinvestigates.com/2015/02/12/us-drone-war-afghanistan-list-american-air-strikes-2015/#41
Paktya,19/11/2016,Shah Karez,340,160,Zumat,Paktia,US strike,1,1,1,0,0,0,0,2,2,https://www.thebureauinvestigates.com/2016/01/07/get-the-data-a-list-of-us-air-and-drone-strikes-afghanistan-2016/#294
Paktya,26/03/2015,Unknown,340,160,Zurmat,Paktia,US strike,0,0,0,0,0,0,0,1,1,http://www.thebureauinvestigates.com/2015/02/12/us-drone-war-afghanistan-list-american-air-strikes-2015/#128
Paktya,29/08/2016,Unknown,340,160,Jani Khil,Paktia,US strike,1,8,120,0,0,0,0,0,0,https://www.thebureauinvestigates.com/2016/01/07/get-the-data-a-list-of-us-air-and-drone-strikes-afghanistan-2016/#259
Parwan,19/10/2016,Unknown ,330,125,Seyagerd,Parwan ,US strike,1,8,8,0,0,0,0,0,0,https://www.thebureauinvestigates.com/2016/01/07/get-the-data-a-list-of-us-air-and-drone-strikes-afghanistan-2016/#282
Parwan,25/03/2015,Unknown,330,125,Sia Gird,Parwan,US strike,0,0,0,0,0,0,0,0,0,http://www.thebureauinvestigates.com/2015/02/12/us-drone-war-afghanistan-list-american-air-strikes-2015/#127
Uruzgan,9/9/16,Tarin Kot,270,182,Tarin Kot,Uruzgan,US strike,0,0,0,0,0,0,0,0,0,https://www.thebureauinvestigates.com/2016/01/07/get-the-data-a-list-of-us-air-and-drone-strikes-afghanistan-2016/#267
Uruzgan,17/09/2016,Unknown,270,182,Uruzgan,Uruzgan,US strike,0,0,0,0,0,0,0,0,0,https://www.thebureauinvestigates.com/2016/01/07/get-the-data-a-list-of-us-air-and-drone-strikes-afghanistan-2016/#269
Uruzgan,18/09/2016,Saki,270,182,Tarin Kot,Uruzgan,US strike,0,7,8,0,0,0,0,0,0,https://www.thebureauinvestigates.com/2016/01/07/get-the-data-a-list-of-us-air-and-drone-strikes-afghanistan-2016/#268
Wardak,15/06/2015,Unknown,320,145,Chak e Wardak,Wardak,US strike,0,2,2,2,2,0,0,0,0,http://www.thebureauinvestigates.com/2015/02/12/us-drone-war-afghanistan-list-american-air-strikes-2015/#131
Wardak,16/07/2015,Unknown,320,145,Tor Khail,Wardak,US strike,1,8,16,0,0,0,0,0,0,http://www.thebureauinvestigates.com/2015/02/12/us-drone-war-afghanistan-list-american-air-strikes-2015/#57
Wardak,17/08/2015,Unknown,320,145,Chak,Wardak,US strike,1,2,3,0,0,0,0,0,0,http://www.thebureauinvestigates.com/2015/02/12/us-drone-war-afghanistan-list-american-air-strikes-2015/#69
Wardak,17/08/2015,Unknown,320,145,Day Mirdad,Wardak,US strike,1,4,5,0,0,0,0,0,0,http://www.thebureauinvestigates.com/2015/02/12/us-drone-war-afghanistan-list-american-air-strikes-2015/#68
Wardak,29/05/2016,Unknown,320,145,Sayedabad,Maidan Wardak,US strike,1,2,2,0,0,0,0,0,0,https://www.thebureauinvestigates.com/2016/01/07/get-the-data-a-list-of-us-air-and-drone-strikes-afghanistan-2016/#211
Zabul,17/05/2016,Unknown,300,200,Shahjoy,Zabul,US strike,1,5,5,0,0,0,0,0,0,https://www.thebureauinvestigates.com/2016/01/07/get-the-data-a-list-of-us-air-and-drone-strikes-afghanistan-2016/#199
Zabul,22/01/2016,Khawajakhel,300,200,Arghandab,Zabul,US strike,1,3,3,0,0,0,0,0,0,https://www.thebureauinvestigates.com/2016/01/07/get-the-data-a-list-of-us-air-and-drone-strikes-afghanistan-2016/#154