Region,Date,Location,X,Y,Area,MinTotal,MaxTotal,MinCivilians,MaxCivilians,MinChildren,MaxChildren,MinInj,MaxInj,link,Notes
Bajaur Agency,13/01/2006,Damadola,343,75,Bajaur Agency,13,22,10,18,5,6,0,0,http://www.thebureauinvestigates.com/2011/08/10/the-bush-years-2004-2009/#B5,
Bajaur Agency,14/05/2008,Damadola,343,75,Bajaur Agency,12,20,4,6,1,4,9,9,http://www.thebureauinvestigates.com/2011/08/10/the-bush-years-2004-2009/#B15,
Bajaur Agency,24/10/2009,Damadola,343,75,Bajaur Agency,20,30,0,0,0,0,8,8,http://www.thebureauinvestigates.com/2011/08/10/obama-2009-strikes/#Ob42,
Bajaur Agency,30/10/2006,Chenegai,343,75,Bajaur Agency,81,83,80,82,68,70,3,3,http://www.thebureauinvestigates.com/2011/08/10/the-bush-years-2004-2009/#B6,
Nushki,21/05/2016,Ahmad Wal,255,170,Balochistan,2,2,1,1,0,0,0,0,https://www.thebureauinvestigates.com/2016/01/11/obama-2016-pakistan-drone-strikes/#Ob373,"Unclear where actual region is, had to manually figure it out."
FR Bannu,3/12/07,Jani Khel,330,105,Bannu Frontier Region,0,0,0,0,0,0,1,1,http://www.thebureauinvestigates.com/2011/08/10/the-bush-years-2004-2009/#B11,
FR Bannu,15/03/2009,Jani Khel,330,105,Bannu Frontier Region,2,6,0,0,0,0,3,3,http://www.thebureauinvestigates.com/2011/08/10/obama-2009-strikes/#Ob7,
FR Bannu,19/11/2008,Jani Khel,330,105,Bannu Frontier Region,3,6,0,3,0,0,7,7,http://www.thebureauinvestigates.com/2011/08/10/the-bush-years-2004-2009/#B41,
Khyber Agency,11/10/14,Tirah Valley,337,88,Khyber Agency,4,6,0,0,0,0,2,2,http://www.thebureauinvestigates.com/2014/06/11/obama-2014-pakistan-drone-strikes/#Ob348,
Khyber Agency,15/05/2010,Khyber,337,88,Khyber Agency,5,15,0,2,0,0,15,15,http://www.thebureauinvestigates.com/2011/08/10/obama-2010-strikes/#Ob93,
Khyber Agency,16/12/2010,Tirah Valley,337,88,Khyber Agency,7,7,0,0,0,0,0,0,http://www.thebureauinvestigates.com/2011/08/10/obama-2010-strikes/#Ob171,
Khyber Agency,17/12/2010,Nakai,337,88,Khyber Agency,11,15,0,0,0,0,2,2,http://www.thebureauinvestigates.com/2011/08/10/obama-2010-strikes/#Ob173,
Khyber Agency,17/12/2010,Sandana,337,88,Khyber Agency,7,15,0,0,0,0,7,11,http://www.thebureauinvestigates.com/2011/08/10/obama-2010-strikes/#Ob172,
Khyber Agency,17/12/2010,Speen Drang,337,88,Khyber Agency,32,32,2,2,0,0,0,0,http://www.thebureauinvestigates.com/2011/08/10/obama-2010-strikes/#Ob174,
Hangu,21/11/2013,"Tal, Hangu District",333,99,Khyber Pakhtunkhwa province,6,9,0,0,0,0,1,9,http://www.thebureauinvestigates.com/2013/01/03/obama-2013-pakistan-drone-strikes/#Ob330,
Kurram Agency,12/3/09,Barjo,326,94,Kurram Agency,14,26,0,0,0,0,9,50,http://www.thebureauinvestigates.com/2011/08/10/obama-2009-strikes/#Ob6,
Kurram Agency,2/3/17,Unknown,326,94,Kurram Agency,2,2,0,0,0,0,0,0,,
Kurram Agency,16/02/2009,Sur Pul,326,94,Kurram Agency,18,31,0,0,0,0,3,7,http://www.thebureauinvestigates.com/2011/08/10/obama-2009-strikes/#Ob4,
Kurram Agency,18/03/2015,Shabak,326,94,Kurram Agency,3,3,0,0,0,0,0,0,http://www.thebureauinvestigates.com/2015/01/05/obama-2015-pakistan-drone-strikes/#Ob363,
Kurram Agency,20/06/2011,Khardand,326,94,Kurram Agency,5,7,2,7,0,0,0,3,http://www.thebureauinvestigates.com/2011/08/10/obama-2011-strikes/#Ob222,
Kurram Agency,20/06/2011,Zarakai,326,94,Kurram Agency,2,5,0,0,0,0,0,0,http://www.thebureauinvestigates.com/2011/08/10/obama-2011-strikes/#Ob223,
Kurram Agency,22/02/2016,"Shahidano Dhand, Lower Kurram",326,94,Kurram Agency,4,5,0,0,0,0,1,4,https://www.thebureauinvestigates.com/2016/01/11/obama-2016-pakistan-drone-strikes/#Ob372,https://www.thebureauinvestigates.com/2016/01/11/obama-2016-pakistan-drone-strikes/#
Kurram Agency,27/08/2010,Badshah Kot,326,94,Kurram Agency,0,0,0,0,0,0,0,0,http://www.thebureauinvestigates.com/2011/08/10/obama-2010-strikes/#Ob112,
Kurram Agency,27/08/2010,Shahidano,326,94,Kurram Agency,3,9,0,0,0,0,2,2,http://www.thebureauinvestigates.com/2011/08/10/obama-2010-strikes/#Ob111,
Kurram Agency,27/08/2010,Taaloo Ganj,326,94,Kurram Agency,2,3,0,3,0,0,0,0,http://www.thebureauinvestigates.com/2011/08/10/obama-2010-strikes/#Ob113,
North Waziristan Agency,1/12/05,Haisori,320,108,North Waziristan,6,6,2,3,2,2,0,0,http://www.thebureauinvestigates.com/2011/08/10/the-bush-years-2004-2009/#B4,
North Waziristan Agency,5/11/05,Mosaki,320,108,North Waziristan,8,8,3,8,2,3,1,1,http://www.thebureauinvestigates.com/2011/08/10/the-bush-years-2004-2009/#B3,
North Waziristan Agency,8/5/05,Toorikhel,320,108,North Waziristan,2,2,0,0,0,0,0,0,http://www.thebureauinvestigates.com/2011/08/10/the-bush-years-2004-2009/#B2,
North Waziristan Agency,2/11/07,Danda Darpakhel,320,108,North Waziristan,5,10,0,0,0,0,6,12,http://www.thebureauinvestigates.com/2011/08/10/the-bush-years-2004-2009/#B10,
North Waziristan Agency,2/9/08,Unknown,320,108,North Waziristan,0,10,0,0,0,0,0,1,http://www.thebureauinvestigates.com/2011/08/10/the-bush-years-2004-2009/#B23,
North Waziristan Agency,3/10/08,Datta Khel,320,108,North Waziristan,3,3,3,3,1,1,5,5,http://www.thebureauinvestigates.com/2011/08/10/the-bush-years-2004-2009/#B30,
North Waziristan Agency,3/10/08,Datta Khel,320,108,North Waziristan,17,21,7,14,3,3,0,0,http://www.thebureauinvestigates.com/2011/08/10/the-bush-years-2004-2009/#B31,
North Waziristan Agency,4/9/08,Mohammad Khel,320,108,North Waziristan,5,7,0,0,0,0,3,4,http://www.thebureauinvestigates.com/2011/08/10/the-bush-years-2004-2009/#B24,
North Waziristan Agency,5/9/08,Gurwak,320,108,North Waziristan,5,12,5,7,3,4,0,0,http://www.thebureauinvestigates.com/2011/08/10/the-bush-years-2004-2009/#B25,
North Waziristan Agency,5/12/08,Kateera,320,108,North Waziristan,3,4,0,0,0,0,2,2,http://www.thebureauinvestigates.com/2011/08/10/the-bush-years-2004-2009/#B45,
North Waziristan Agency,7/11/08,Kumsham,320,108,North Waziristan,11,16,6,11,0,0,17,17,http://www.thebureauinvestigates.com/2011/08/10/the-bush-years-2004-2009/#B39,
North Waziristan Agency,8/9/08,Miram Shah,320,108,North Waziristan,17,23,11,20,5,8,14,25,http://www.thebureauinvestigates.com/2011/08/10/the-bush-years-2004-2009/#B26,
North Waziristan Agency,9/10/08,Tati,320,108,North Waziristan,5,9,1,9,1,4,2,2,http://www.thebureauinvestigates.com/2011/08/10/the-bush-years-2004-2009/#B32,
North Waziristan Agency,11/10/08,Miram Shah,320,108,North Waziristan,4,5,0,0,0,0,2,2,http://www.thebureauinvestigates.com/2011/08/10/the-bush-years-2004-2009/#B33,
North Waziristan Agency,12/9/08,Tol Khel,320,108,North Waziristan,12,15,3,5,2,2,14,14,http://www.thebureauinvestigates.com/2011/08/10/the-bush-years-2004-2009/#B27,
North Waziristan Agency,4/4/09,Datta Khel,320,108,North Waziristan,13,15,8,13,3,5,1,1,http://www.thebureauinvestigates.com/2011/08/10/obama-2009-strikes/#Ob11,
North Waziristan Agency,5/11/09,Norak,320,108,North Waziristan,4,6,0,0,0,0,8,8,http://www.thebureauinvestigates.com/2011/08/10/obama-2009-strikes/#Ob43,
North Waziristan Agency,7/9/09,Machi Khel,320,108,North Waziristan,5,8,3,3,0,0,2,7,http://www.thebureauinvestigates.com/2011/08/10/obama-2009-strikes/#Ob33,
North Waziristan Agency,8/9/09,Darga Mandi,320,108,North Waziristan,10,15,5,5,3,3,4,5,http://www.thebureauinvestigates.com/2011/08/10/obama-2009-strikes/#Ob34,
North Waziristan Agency,8/12/09,Spalaga,320,108,North Waziristan,3,4,0,0,0,0,3,3,http://www.thebureauinvestigates.com/2011/08/10/obama-2009-strikes/#Ob46,
North Waziristan Agency,1/1/10,Ghundikala,320,108,North Waziristan,2,3,0,0,0,0,3,4,http://www.thebureauinvestigates.com/2011/08/10/obama-2010-strikes/#Ob53,http://www.thebureauinvestigates.com/2011/08/10/obama-2010-strikes/#
North Waziristan Agency,1/11/10,Haider Khel,320,108,North Waziristan,5,6,0,0,0,0,2,2,http://www.thebureauinvestigates.com/2011/08/10/obama-2010-strikes/#Ob153,
North Waziristan Agency,2/2/10,Deegan,320,108,North Waziristan,0,0,0,0,0,0,0,0,http://www.thebureauinvestigates.com/2011/08/10/obama-2010-strikes/#Ob66,
North Waziristan Agency,2/2/10,Mohammad Khel,320,108,North Waziristan,0,0,0,0,0,0,0,0,http://www.thebureauinvestigates.com/2011/08/10/obama-2010-strikes/#Ob67,
North Waziristan Agency,2/2/10,Pai Khel,320,108,North Waziristan,9,9,5,5,0,0,0,0,http://www.thebureauinvestigates.com/2011/08/10/obama-2010-strikes/#Ob68,
North Waziristan Agency,2/2/10,Toor Narai,320,108,North Waziristan,23,24,0,0,0,0,0,0,http://www.thebureauinvestigates.com/2011/08/10/obama-2010-strikes/#Ob65,
North Waziristan Agency,2/10/10,Asar Village,320,108,North Waziristan,8,10,0,0,0,0,2,4,http://www.thebureauinvestigates.com/2011/08/10/obama-2010-strikes/#Ob137,
North Waziristan Agency,2/10/10,Inzarkas,320,108,North Waziristan,7,14,0,0,0,0,2,2,http://www.thebureauinvestigates.com/2011/08/10/obama-2010-strikes/#Ob138,
North Waziristan Agency,3/1/10,Mosaki,320,108,North Waziristan,5,5,1,2,1,1,2,2,http://www.thebureauinvestigates.com/2011/08/10/obama-2010-strikes/#Ob54,
North Waziristan Agency,3/5/10,Machi Khel,320,108,North Waziristan,4,6,0,2,0,0,0,0,http://www.thebureauinvestigates.com/2011/08/10/obama-2010-strikes/#Ob89,
North Waziristan Agency,3/9/10,Datta Khel,320,108,North Waziristan,2,4,0,0,0,0,2,2,http://www.thebureauinvestigates.com/2011/08/10/obama-2010-strikes/#Ob115,
North Waziristan Agency,3/9/10,Miram Shah,320,108,North Waziristan,6,9,0,0,0,0,2,3,http://www.thebureauinvestigates.com/2011/08/10/obama-2010-strikes/#Ob114,
North Waziristan Agency,3/11/10,Khaso Khel,320,108,North Waziristan,4,5,0,0,0,0,0,0,http://www.thebureauinvestigates.com/2011/08/10/obama-2010-strikes/#Ob155,
North Waziristan Agency,3/11/10,Pai Khel,320,108,North Waziristan,4,5,0,0,0,0,0,0,http://www.thebureauinvestigates.com/2011/08/10/obama-2010-strikes/#Ob156,
North Waziristan Agency,3/11/10,Qutab Khel,320,108,North Waziristan,4,5,0,0,0,0,0,0,http://www.thebureauinvestigates.com/2011/08/10/obama-2010-strikes/#Ob154,
North Waziristan Agency,4/9/10,Datta Khel,320,108,North Waziristan,7,8,0,0,0,0,12,12,http://www.thebureauinvestigates.com/2011/08/10/obama-2010-strikes/#Ob116,
North Waziristan Agency,4/10/10,Mir Ali,320,108,North Waziristan,5,9,0,3,0,0,2,2,http://www.thebureauinvestigates.com/2011/08/10/obama-2010-strikes/#Ob139,
North Waziristan Agency,6/1/10,Sanzali,320,108,North Waziristan,5,7,0,6,0,0,5,5,http://www.thebureauinvestigates.com/2011/08/10/obama-2010-strikes/#Ob55,
North Waziristan Agency,6/1/10,Sanzali,320,108,North Waziristan,5,9,5,5,0,0,3,3,http://www.thebureauinvestigates.com/2011/08/10/obama-2010-strikes/#Ob56,
North Waziristan Agency,6/9/10,Khar Qamar,320,108,North Waziristan,3,6,0,0,0,0,1,1,http://www.thebureauinvestigates.com/2011/08/10/obama-2010-strikes/#Ob117,
North Waziristan Agency,6/10/10,Hurmuz,320,108,North Waziristan,3,5,0,0,0,0,3,3,http://www.thebureauinvestigates.com/2011/08/10/obama-2010-strikes/#Ob141,
North Waziristan Agency,6/10/10,Miram Shah,320,108,North Waziristan,5,11,0,0,0,0,4,4,http://www.thebureauinvestigates.com/2011/08/10/obama-2010-strikes/#Ob140,
North Waziristan Agency,6/12/10,Khushali,320,108,North Waziristan,3,5,0,2,0,0,3,3,http://www.thebureauinvestigates.com/2011/08/10/obama-2010-strikes/#Ob167,
North Waziristan Agency,6/12/10,Kushali,320,108,North Waziristan,2,4,0,0,0,0,0,0,http://www.thebureauinvestigates.com/2011/08/10/obama-2010-strikes/#Ob168,
North Waziristan Agency,7/10/10,Khaisoori,320,108,North Waziristan,4,4,0,0,0,0,2,2,http://www.thebureauinvestigates.com/2011/08/10/obama-2010-strikes/#Ob142,
North Waziristan Agency,7/11/10,Datta Khel,320,108,North Waziristan,3,6,0,0,0,0,1,4,http://www.thebureauinvestigates.com/2011/08/10/obama-2010-strikes/#Ob158,
North Waziristan Agency,7/11/10,Ghulam Khan,320,108,North Waziristan,8,9,0,0,0,0,2,2,http://www.thebureauinvestigates.com/2011/08/10/obama-2010-strikes/#Ob157,
North Waziristan Agency,8/1/10,Tappi,320,108,North Waziristan,5,6,5,5,1,1,3,3,http://www.thebureauinvestigates.com/2011/08/10/obama-2010-strikes/#Ob57,
North Waziristan Agency,8/3/10,Miram Shah,320,108,North Waziristan,9,9,0,0,0,0,2,2,http://www.thebureauinvestigates.com/2011/08/10/obama-2010-strikes/#Ob74,
North Waziristan Agency,8/9/10,Ambar Shaga,320,108,North Waziristan,3,4,0,4,0,0,1,2,http://www.thebureauinvestigates.com/2011/08/10/obama-2010-strikes/#Ob119,
North Waziristan Agency,8/9/10,Danda Darpakhel,320,108,North Waziristan,5,10,4,4,4,4,2,2,http://www.thebureauinvestigates.com/2011/08/10/obama-2010-strikes/#Ob118,
North Waziristan Agency,8/9/10,Danda Darpakhel,320,108,North Waziristan,10,10,0,0,0,0,2,5,http://www.thebureauinvestigates.com/2011/08/10/obama-2010-strikes/#Ob120,
North Waziristan Agency,8/10/10,Char Khel,320,108,North Waziristan,5,8,0,4,0,0,0,0,http://www.thebureauinvestigates.com/2011/08/10/obama-2010-strikes/#Ob144,
North Waziristan Agency,8/10/10,Mohammad Khel,320,108,North Waziristan,4,6,0,0,0,0,0,0,http://www.thebureauinvestigates.com/2011/08/10/obama-2010-strikes/#Ob143,
North Waziristan Agency,9/1/10,Ismail Khel,320,108,North Waziristan,4,5,0,0,0,0,5,5,http://www.thebureauinvestigates.com/2011/08/10/obama-2010-strikes/#Ob58,
North Waziristan Agency,9/1/10,Shaktoi,320,108,North Waziristan,15,18,0,0,0,0,7,14,http://www.thebureauinvestigates.com/2011/08/10/obama-2010-strikes/#Ob59,
North Waziristan Agency,9/5/10,Datta Khel,320,108,North Waziristan,5,10,0,4,0,0,4,4,http://www.thebureauinvestigates.com/2011/08/10/obama-2010-strikes/#Ob90,
North Waziristan Agency,9/9/10,Miram Shah,320,108,North Waziristan,3,6,0,0,0,0,3,5,http://www.thebureauinvestigates.com/2011/08/10/obama-2010-strikes/#Ob121,
North Waziristan Agency,10/3/10,Mizar Madakhel,320,108,North Waziristan,7,8,0,0,0,0,12,12,http://www.thebureauinvestigates.com/2011/08/10/obama-2010-strikes/#Ob75,
North Waziristan Agency,10/3/10,Mizar Madakhel,320,108,North Waziristan,7,7,4,7,0,0,0,0,http://www.thebureauinvestigates.com/2011/08/10/obama-2010-strikes/#Ob76,
North Waziristan Agency,10/6/10,Norak,320,108,North Waziristan,2,7,4,4,0,0,3,3,http://www.thebureauinvestigates.com/2011/08/10/obama-2010-strikes/#Ob96,
North Waziristan Agency,10/10/10,Shiva,320,108,North Waziristan,4,9,0,0,0,0,3,3,http://www.thebureauinvestigates.com/2011/08/10/obama-2010-strikes/#Ob145,
North Waziristan Agency,10/12/10,Khadar Khel,320,108,North Waziristan,4,4,0,0,0,0,2,2,http://www.thebureauinvestigates.com/2011/08/10/obama-2010-strikes/#Ob169,
North Waziristan Agency,11/5/10,Datta Khel,320,108,North Waziristan,8,14,0,4,0,0,12,12,http://www.thebureauinvestigates.com/2011/08/10/obama-2010-strikes/#Ob91,
North Waziristan Agency,11/5/10,Gurwak,320,108,North Waziristan,7,15,0,0,0,0,4,4,http://www.thebureauinvestigates.com/2011/08/10/obama-2010-strikes/#Ob92,
North Waziristan Agency,11/6/10,Maizer,320,108,North Waziristan,10,15,0,0,0,0,10,12,http://www.thebureauinvestigates.com/2011/08/10/obama-2010-strikes/#Ob97,
North Waziristan Agency,11/11/10,Ghulam Khan,320,108,North Waziristan,5,8,0,0,0,0,5,6,http://www.thebureauinvestigates.com/2011/08/10/obama-2010-strikes/#Ob159,
North Waziristan Agency,12/4/10,Boya,320,108,North Waziristan,13,13,8,13,2,2,2,3,http://www.thebureauinvestigates.com/2011/08/10/obama-2010-strikes/#Ob84,
North Waziristan Agency,12/9/10,Newey Adda,320,108,North Waziristan,5,7,0,0,0,0,2,3,http://www.thebureauinvestigates.com/2011/08/10/obama-2010-strikes/#Ob122,
North Waziristan Agency,1/1/11,Boya,320,108,North Waziristan,4,4,0,0,0,0,4,4,http://www.thebureauinvestigates.com/2011/08/10/obama-2011-strikes/#Ob184,
North Waziristan Agency,1/1/11,Datta Khel,320,108,North Waziristan,4,5,0,0,0,0,0,0,http://www.thebureauinvestigates.com/2011/08/10/obama-2011-strikes/#Ob183,
North Waziristan Agency,1/1/11,Mandi Khel,320,108,North Waziristan,8,10,0,0,0,0,0,0,http://www.thebureauinvestigates.com/2011/08/10/obama-2011-strikes/#Ob181,http://www.thebureauinvestigates.com/2011/08/10/obama-2011-strikes/#
North Waziristan Agency,1/1/11,Mandi Khel,320,108,North Waziristan,4,6,0,0,0,0,0,0,http://www.thebureauinvestigates.com/2011/08/10/obama-2011-strikes/#Ob182,
North Waziristan Agency,2/8/11,Qutab Khel,320,108,North Waziristan,3,4,0,0,0,0,0,0,http://www.thebureauinvestigates.com/2011/08/10/obama-2011-strikes/#Ob234,
North Waziristan Agency,3/11/11,"Sarai Darpa Khel, Miranshah",320,108,North Waziristan,2,3,0,0,0,0,3,3,http://www.thebureauinvestigates.com/2011/08/10/obama-2011-strikes/#Ob252,
North Waziristan Agency,5/7/11,Mir Ali,320,108,North Waziristan,4,6,0,3,0,2,5,5,http://www.thebureauinvestigates.com/2011/08/10/obama-2011-strikes/#Ob226,
North Waziristan Agency,6/5/11,Dwa Tooe,320,108,North Waziristan,7,18,6,6,0,0,4,4,http://www.thebureauinvestigates.com/2011/08/10/obama-2011-strikes/#Ob205,
North Waziristan Agency,7/1/11,Ghar Laley,320,108,North Waziristan,1,6,0,0,0,0,0,0,http://www.thebureauinvestigates.com/2011/08/10/obama-2011-strikes/#Ob185,
North Waziristan Agency,9/3/11,Datta Khel,320,108,North Waziristan,5,5,0,0,0,0,2,3,http://www.thebureauinvestigates.com/2011/08/10/obama-2011-strikes/#Ob195,
North Waziristan Agency,10/8/11,Miram Shah,320,108,North Waziristan,8,25,0,0,0,0,3,8,http://www.thebureauinvestigates.com/2011/08/10/obama-2011-strikes/#Ob235,
North Waziristan Agency,11/3/11,Ghoroski,320,108,North Waziristan,4,4,0,0,0,0,0,0,http://www.thebureauinvestigates.com/2011/08/10/obama-2011-strikes/#Ob197,
North Waziristan Agency,11/3/11,Khesoor,320,108,North Waziristan,4,12,5,5,0,0,0,0,http://www.thebureauinvestigates.com/2011/08/10/obama-2011-strikes/#Ob196,
North Waziristan Agency,11/7/11,Gurwak,320,108,North Waziristan,4,12,0,0,0,0,2,2,http://www.thebureauinvestigates.com/2011/08/10/obama-2011-strikes/#Ob227,
North Waziristan Agency,11/9/11,Hisokhel,320,108,North Waziristan,1,5,0,0,0,0,1,3,http://www.thebureauinvestigates.com/2011/08/10/obama-2011-strikes/#Ob239,
North Waziristan Agency,12/1/11,Haider Khel,320,108,North Waziristan,3,6,0,0,0,0,2,15,http://www.thebureauinvestigates.com/2011/08/10/obama-2011-strikes/#Ob186,
North Waziristan Agency,12/5/11,Datta Khel,320,108,North Waziristan,5,8,0,0,0,0,1,1,http://www.thebureauinvestigates.com/2011/08/10/obama-2011-strikes/#Ob207,
North Waziristan Agency,12/7/11,Datta Khel,320,108,North Waziristan,13,15,0,4,0,0,0,0,http://www.thebureauinvestigates.com/2011/08/10/obama-2011-strikes/#Ob230,
North Waziristan Agency,12/7/11,Datta Khel,320,108,North Waziristan,1,9,1,1,0,0,3,5,http://www.thebureauinvestigates.com/2011/08/10/obama-2011-strikes/#Ob231,
North Waziristan Agency,12/7/11,Gurwak,320,108,North Waziristan,12,25,0,0,0,0,0,0,http://www.thebureauinvestigates.com/2011/08/10/obama-2011-strikes/#Ob228,
North Waziristan Agency,1/7/12,Dre Nishter/Shawal,320,108,North Waziristan,6,9,0,0,0,0,2,3,http://www.thebureauinvestigates.com/2012/01/11/obama-2012-strikes/#Ob282,
North Waziristan Agency,1/9/12,Degan,320,108,North Waziristan,4,6,0,0,0,0,2,3,http://www.thebureauinvestigates.com/2012/01/11/obama-2012-strikes/#Ob293,
North Waziristan Agency,1/10/12,Khadar Khel,320,108,North Waziristan,2,4,0,0,0,0,0,0,http://www.thebureauinvestigates.com/2012/01/11/obama-2012-strikes/#Ob296,
North Waziristan Agency,4/6/12,"Khushali, Tehsil Mir Ali",320,108,North Waziristan,14,18,0,6,0,0,3,6,http://www.thebureauinvestigates.com/2012/01/11/obama-2012-strikes/#Ob278,
North Waziristan Agency,5/5/12,"Guldar Kot, Dre Nishtar area",320,108,North Waziristan,8,10,0,0,0,0,1,3,http://www.thebureauinvestigates.com/2012/01/11/obama-2012-strikes/#Ob270,
North Waziristan Agency,6/7/12,Maizer,320,108,North Waziristan,13,24,3,18,0,0,2,22,http://www.thebureauinvestigates.com/2012/01/11/obama-2012-strikes/#Ob283,
North Waziristan Agency,6/12/12,"Noorak Mubarak Shahi area, Tehsil Mir Ali",320,108,North Waziristan,2,11,1,1,0,0,1,6,http://www.thebureauinvestigates.com/2012/01/11/obama-2012-strikes/#Ob302,
North Waziristan Agency,8/2/12,Miranshah,320,108,North Waziristan,9,10,0,0,0,0,2,12,http://www.thebureauinvestigates.com/2012/01/11/obama-2012-strikes/#Ob260,
North Waziristan Agency,9/2/12,Miranshah,320,108,North Waziristan,3,8,0,3,0,1,3,3,http://www.thebureauinvestigates.com/2012/01/11/obama-2012-strikes/#Ob261,
North Waziristan Agency,9/12/12,"Tabbi Tor Khel, Tehisl Ghulam Khan",320,108,North Waziristan,2,4,0,3,0,0,0,0,http://www.thebureauinvestigates.com/2012/01/11/obama-2012-strikes/#Ob303,
North Waziristan Agency,10/1/12,Miram Shah,320,108,North Waziristan,1,4,0,0,0,0,2,2,http://www.thebureauinvestigates.com/2012/01/11/obama-2012-strikes/#Ob256,http://www.thebureauinvestigates.com/2012/01/11/obama-2012-strikes/#
North Waziristan Agency,10/10/12,"Hurmaz, Teshil Mir Ali",320,108,North Waziristan,3,6,0,0,0,0,3,3,http://www.thebureauinvestigates.com/2012/01/11/obama-2012-strikes/#Ob297,
North Waziristan Agency,12/1/12,Datta Khel,320,108,North Waziristan,5,9,0,0,0,0,2,3,http://www.thebureauinvestigates.com/2012/01/11/obama-2012-strikes/#Ob257,
North Waziristan Agency,1/11/13,Dandi Darpakhel,320,108,North Waziristan,4,7,0,0,0,0,2,2,http://www.thebureauinvestigates.com/2013/01/03/obama-2013-pakistan-drone-strikes/#Ob329,
North Waziristan Agency,3/1/13,"Ghundi Killi, Tappi area, Tehsil Miranshah",320,108,North Waziristan,3,6,0,0,0,0,1,1,http://www.thebureauinvestigates.com/2013/01/03/obama-2013-pakistan-drone-strikes/#Ob307,
North Waziristan Agency,3/7/13,"Shui Khel Mandi, Tehsil Shawal",320,108,North Waziristan,16,18,0,0,0,0,5,5,http://www.thebureauinvestigates.com/2013/01/03/obama-2013-pakistan-drone-strikes/#Ob320,
North Waziristan Agency,6/2/13,Spinwam,320,108,North Waziristan,3,5,0,2,0,0,1,1,http://www.thebureauinvestigates.com/2013/01/03/obama-2013-pakistan-drone-strikes/#Ob312,
North Waziristan Agency,6/9/13,"Tabi, Tehsil Ghulam Khan",320,108,North Waziristan,5,7,0,0,0,0,3,7,http://www.thebureauinvestigates.com/2013/01/03/obama-2013-pakistan-drone-strikes/#Ob324,
North Waziristan Agency,7/6/13,"Shui Khel Mandi, Tehsil Shawal",320,108,North Waziristan,7,11,0,0,0,0,3,4,http://www.thebureauinvestigates.com/2013/01/03/obama-2013-pakistan-drone-strikes/#Ob319,
North Waziristan Agency,8/1/13,"Haiderkhel, near Mir Ali",320,108,North Waziristan,4,9,0,2,0,1,1,4,http://www.thebureauinvestigates.com/2013/01/03/obama-2013-pakistan-drone-strikes/#Ob309,
North Waziristan Agency,8/1/13,"Malangan Hassokhel, Tehsil Mir Ali",320,108,North Waziristan,0,9,0,0,0,0,1,4,http://www.thebureauinvestigates.com/2013/01/03/obama-2013-pakistan-drone-strikes/#Ob310,
North Waziristan Agency,10/1/13,"Hassokhel, near Mir Ali",320,108,North Waziristan,3,6,0,0,0,0,0,0,http://www.thebureauinvestigates.com/2013/01/03/obama-2013-pakistan-drone-strikes/#Ob311,
North Waziristan Agency,10/3/13,Datta Khel,320,108,North Waziristan,1,3,0,0,0,0,1,1,http://www.thebureauinvestigates.com/2013/01/03/obama-2013-pakistan-drone-strikes/#Ob314,
North Waziristan Agency,5/8/14,"Lawara Mandi village, Datta Khel tehsil",320,108,North Waziristan,5,7,0,0,0,0,2,3,http://www.thebureauinvestigates.com/2014/06/11/obama-2014-pakistan-drone-strikes/#Ob339,
North Waziristan Agency,7/10/14,"Kundser, Datta Khel",320,108,North Waziristan,2,4,0,0,0,0,5,5,http://www.thebureauinvestigates.com/2014/06/11/obama-2014-pakistan-drone-strikes/#Ob345,
North Waziristan Agency,7/12/14,"Khar Tangi, Datta Khel",320,108,North Waziristan,4,6,0,0,0,0,2,2,http://www.thebureauinvestigates.com/2014/06/11/obama-2014-pakistan-drone-strikes/#Ob354,
North Waziristan Agency,8/10/14,"Loman, Datta Khel",320,108,North Waziristan,2,4,0,0,0,0,1,3,http://www.thebureauinvestigates.com/2014/06/11/obama-2014-pakistan-drone-strikes/#Ob346,
North Waziristan Agency,9/10/14,Datta Khel,320,108,North Waziristan,3,4,0,0,0,0,0,0,http://www.thebureauinvestigates.com/2014/06/11/obama-2014-pakistan-drone-strikes/#Ob347,
North Waziristan Agency,10/7/14,"Madakhel village, Datta Khel Tehsil",320,108,North Waziristan,6,7,0,0,0,0,2,3,http://www.thebureauinvestigates.com/2014/06/11/obama-2014-pakistan-drone-strikes/#Ob336,
North Waziristan Agency,11/6/14,Tabi Tolkhel or Darga Mandi,320,108,North Waziristan,4,6,0,0,0,0,0,0,http://www.thebureauinvestigates.com/2014/06/11/obama-2014-pakistan-drone-strikes/#Ob333,http://www.thebureauinvestigates.com/2014/06/11/obama-2014-pakistan-drone-strikes/#
North Waziristan Agency,11/10/14,"Marga, Shawal",320,108,North Waziristan,2,4,0,0,0,0,0,0,http://www.thebureauinvestigates.com/2014/06/11/obama-2014-pakistan-drone-strikes/#Ob349,
North Waziristan Agency,11/11/14,"Dawa Toi, Datta Khel",320,108,North Waziristan,4,7,0,2,0,2,2,3,http://www.thebureauinvestigates.com/2014/06/11/obama-2014-pakistan-drone-strikes/#Ob351,
North Waziristan Agency,12/6/14,"Darga Mandi, Dande Darpakhel or Ghulam Khan",320,108,North Waziristan,6,10,0,0,0,0,4,4,http://www.thebureauinvestigates.com/2014/06/11/obama-2014-pakistan-drone-strikes/#Ob334,
North Waziristan Agency,1/6/15,Shawal,320,108,North Waziristan,4,5,0,0,0,0,0,0,http://www.thebureauinvestigates.com/2015/01/05/obama-2015-pakistan-drone-strikes/#Ob367,
North Waziristan Agency,1/9/15,"Karwanda village, Manzarkhel area, Dattakhel sub-division or Lawara Banga area of Shawal valley",320,108,North Waziristan,5,6,0,0,0,0,4,4,http://www.thebureauinvestigates.com/2015/01/05/obama-2015-pakistan-drone-strikes/#Ob370,
North Waziristan Agency,4/1/15,"Alwara Mandi, Datta Khel or Shawal",320,108,North Waziristan,6,10,0,0,0,0,0,0,http://www.thebureauinvestigates.com/2015/01/05/obama-2015-pakistan-drone-strikes/#Ob358,http://www.thebureauinvestigates.com/2015/01/05/obama-2015-pakistan-drone-strikes/#
North Waziristan Agency,6/6/15,Shawal or Datta Khel,320,108,North Waziristan,7,9,0,3,0,0,4,4,http://www.thebureauinvestigates.com/2015/01/05/obama-2015-pakistan-drone-strikes/#Ob368,
North Waziristan Agency,6/8/15,"Alwara Mandi area, Datta Khel",320,108,North Waziristan,4,7,0,0,0,0,2,3,http://www.thebureauinvestigates.com/2015/01/05/obama-2015-pakistan-drone-strikes/#Ob369,
North Waziristan Agency,12/4/15,Shawal,320,108,North Waziristan,4,4,0,0,0,0,2,2,http://www.thebureauinvestigates.com/2015/01/05/obama-2015-pakistan-drone-strikes/#Ob364,
North Waziristan Agency,9/1/16,"Mangrooti village, Shawal valley, Datta Khel tehsil",320,108,North Waziristan,5,5,0,0,0,0,2,2,https://www.thebureauinvestigates.com/2016/01/11/obama-2016-pakistan-drone-strikes/#Ob371,https://www.thebureauinvestigates.com/2016/01/11/obama-2016-pakistan-drone-strikes/#
North Waziristan Agency,13/03/2011,"Ishar Morr area, Qutab Khel, Miranshah",320,108,North Waziristan,4,7,0,0,0,0,5,5,http://www.thebureauinvestigates.com/2011/08/10/obama-2011-strikes/#Ob199,
North Waziristan Agency,13/05/2011,Doga Mada Khel,320,108,North Waziristan,3,5,0,0,0,0,0,0,http://www.thebureauinvestigates.com/2011/08/10/obama-2011-strikes/#Ob208,
North Waziristan Agency,13/06/2012,"Isha, near Miranshah",320,108,North Waziristan,2,4,0,0,0,0,0,0,http://www.thebureauinvestigates.com/2012/01/11/obama-2012-strikes/#Ob279,
North Waziristan Agency,13/07/2013,Khray Chila Mossaki area of Mir Ali,320,108,North Waziristan,2,3,0,0,0,0,0,0,http://www.thebureauinvestigates.com/2013/01/03/obama-2013-pakistan-drone-strikes/#Ob321,
North Waziristan Agency,13/10/2010,Datta Khel,320,108,North Waziristan,6,14,3,6,0,0,0,0,http://www.thebureauinvestigates.com/2011/08/10/obama-2010-strikes/#Ob146,
North Waziristan Agency,13/10/2011,Danda Darpakhel,320,108,North Waziristan,1,6,0,0,0,0,4,4,http://www.thebureauinvestigates.com/2011/08/10/obama-2011-strikes/#Ob243,
North Waziristan Agency,13/11/2010,Miram Shah,320,108,North Waziristan,4,4,0,4,0,0,1,1,http://www.thebureauinvestigates.com/2011/08/10/obama-2010-strikes/#Ob160,
North Waziristan Agency,14/02/2010,Mir Ali,320,108,North Waziristan,5,7,0,0,0,0,4,4,http://www.thebureauinvestigates.com/2011/08/10/obama-2010-strikes/#Ob69,
North Waziristan Agency,14/03/2011,Malik Jashdar,320,108,North Waziristan,3,6,0,0,0,0,0,0,http://www.thebureauinvestigates.com/2011/08/10/obama-2011-strikes/#Ob200,
North Waziristan Agency,14/04/2010,Ambar Shaga,320,108,North Waziristan,4,5,0,0,0,0,1,3,http://www.thebureauinvestigates.com/2011/08/10/obama-2010-strikes/#Ob85,
North Waziristan Agency,14/04/2013,Datta Khel,320,108,North Waziristan,4,6,0,0,0,0,2,2,http://www.thebureauinvestigates.com/2013/01/03/obama-2013-pakistan-drone-strikes/#Ob316,
North Waziristan Agency,14/06/2012,Miranshah,320,108,North Waziristan,1,4,0,0,0,0,2,3,http://www.thebureauinvestigates.com/2012/01/11/obama-2012-strikes/#Ob280,
North Waziristan Agency,14/08/2010,Issori,320,108,North Waziristan,13,14,7,7,1,1,5,6,http://www.thebureauinvestigates.com/2011/08/10/obama-2010-strikes/#Ob107,
North Waziristan Agency,14/09/2009,Toorikhel,320,108,North Waziristan,5,5,0,0,0,0,2,3,http://www.thebureauinvestigates.com/2011/08/10/obama-2009-strikes/#Ob35,
North Waziristan Agency,14/09/2010,Bushnarai,320,108,North Waziristan,11,12,0,0,0,0,4,4,http://www.thebureauinvestigates.com/2011/08/10/obama-2010-strikes/#Ob123,
North Waziristan Agency,14/09/2010,Qutab Khel,320,108,North Waziristan,1,4,0,0,0,0,4,4,http://www.thebureauinvestigates.com/2011/08/10/obama-2010-strikes/#Ob124,
North Waziristan Agency,14/10/2011,Danda Darpakhel,320,108,North Waziristan,3,6,0,0,0,0,0,0,http://www.thebureauinvestigates.com/2011/08/10/obama-2011-strikes/#Ob245,
North Waziristan Agency,14/11/2008,Garyom,320,108,North Waziristan,11,13,3,12,0,0,2,2,http://www.thebureauinvestigates.com/2011/08/10/the-bush-years-2004-2009/#B40,
North Waziristan Agency,14/12/2010,Spalaga,320,108,North Waziristan,3,4,0,4,0,0,0,0,http://www.thebureauinvestigates.com/2011/08/10/obama-2010-strikes/#Ob170,
North Waziristan Agency,15/01/2010,Shaktoi,320,108,North Waziristan,6,10,0,0,0,0,0,0,http://www.thebureauinvestigates.com/2011/08/10/obama-2010-strikes/#Ob61,
North Waziristan Agency,15/01/2010,Zanani,320,108,North Waziristan,5,10,0,0,0,0,3,3,http://www.thebureauinvestigates.com/2011/08/10/obama-2010-strikes/#Ob60,
North Waziristan Agency,15/01/2015,Shawal,320,108,North Waziristan,5,7,2,2,0,0,0,0,http://www.thebureauinvestigates.com/2015/01/05/obama-2015-pakistan-drone-strikes/#Ob359,
North Waziristan Agency,15/02/2010,Tappi,320,108,North Waziristan,4,5,0,0,0,0,0,0,http://www.thebureauinvestigates.com/2011/08/10/obama-2010-strikes/#Ob70,
North Waziristan Agency,15/06/2011,Mir Ali,320,108,North Waziristan,5,6,5,6,0,0,0,0,http://www.thebureauinvestigates.com/2011/08/10/obama-2011-strikes/#Ob221,
North Waziristan Agency,15/07/2010,Sheerani,320,108,North Waziristan,9,14,0,7,0,0,3,3,http://www.thebureauinvestigates.com/2011/08/10/obama-2010-strikes/#Ob102,
North Waziristan Agency,15/09/2010,Darga Mandi,320,108,North Waziristan,11,15,5,5,0,0,1,5,http://www.thebureauinvestigates.com/2011/08/10/obama-2010-strikes/#Ob125,
North Waziristan Agency,15/09/2010,Pai Khel,320,108,North Waziristan,4,7,0,0,0,0,3,3,http://www.thebureauinvestigates.com/2011/08/10/obama-2010-strikes/#Ob126,
North Waziristan Agency,15/10/2009,Danda Darpakhel,320,108,North Waziristan,3,4,0,0,0,0,7,7,http://www.thebureauinvestigates.com/2011/08/10/obama-2009-strikes/#Ob40,
North Waziristan Agency,15/10/2010,Aziz Khel,320,108,North Waziristan,4,6,0,0,0,0,3,3,http://www.thebureauinvestigates.com/2011/08/10/obama-2010-strikes/#Ob147,
North Waziristan Agency,15/10/2010,Machi Khel,320,108,North Waziristan,3,5,0,0,0,0,0,0,http://www.thebureauinvestigates.com/2011/08/10/obama-2010-strikes/#Ob148,
North Waziristan Agency,15/11/2011,Miram Shah,320,108,North Waziristan,3,7,0,0,0,0,2,4,http://www.thebureauinvestigates.com/2011/08/10/obama-2011-strikes/#Ob253,
North Waziristan Agency,15/12/2008,Tapi Tool,320,108,North Waziristan,2,3,0,3,0,0,3,3,http://www.thebureauinvestigates.com/2011/08/10/the-bush-years-2004-2009/#B47,
North Waziristan Agency,16/02/2012,"Jalar Zakar Khel, Mir Ali",320,108,North Waziristan,8,15,0,0,0,0,3,3,http://www.thebureauinvestigates.com/2012/01/11/obama-2012-strikes/#Ob263,
North Waziristan Agency,16/02/2012,Miranshah,320,108,North Waziristan,5,6,0,0,0,0,4,7,http://www.thebureauinvestigates.com/2012/01/11/obama-2012-strikes/#Ob262,
North Waziristan Agency,16/03/2010,Datta Khel,320,108,North Waziristan,7,11,0,0,0,0,2,2,http://www.thebureauinvestigates.com/2011/08/10/obama-2010-strikes/#Ob77,
North Waziristan Agency,16/03/2011,Datta Khel,320,108,North Waziristan,3,5,0,0,0,0,0,0,http://www.thebureauinvestigates.com/2011/08/10/obama-2011-strikes/#Ob201,
North Waziristan Agency,16/04/2010,Toorikhel,320,108,North Waziristan,3,4,0,0,0,0,2,2,http://www.thebureauinvestigates.com/2011/08/10/obama-2010-strikes/#Ob86,
North Waziristan Agency,16/05/2009,Khesoor,320,108,North Waziristan,25,40,9,9,0,0,2,2,http://www.thebureauinvestigates.com/2011/08/10/obama-2009-strikes/#Ob17,
North Waziristan Agency,16/05/2011,"Khisoor Village, Mir Ali",320,108,North Waziristan,3,6,0,0,0,0,0,0,http://www.thebureauinvestigates.com/2011/08/10/obama-2011-strikes/#Ob210,
North Waziristan Agency,16/05/2011,"Khushali Village, Mir Ail",320,108,North Waziristan,4,10,0,0,0,0,2,4,http://www.thebureauinvestigates.com/2011/08/10/obama-2011-strikes/#Ob209,
North Waziristan Agency,16/05/2015,"Wara Mandi, Shawal",320,108,North Waziristan,4,7,0,0,0,0,2,2,http://www.thebureauinvestigates.com/2015/01/05/obama-2015-pakistan-drone-strikes/#Ob365,
North Waziristan Agency,16/07/2014,"Saidgai, Datta Khel tehsil",320,108,North Waziristan,15,24,0,0,0,0,4,6,http://www.thebureauinvestigates.com/2014/06/11/obama-2014-pakistan-drone-strikes/#Ob337,
North Waziristan Agency,16/08/2011,Miram Shah,320,108,North Waziristan,2,7,3,4,1,1,2,2,http://www.thebureauinvestigates.com/2011/08/10/obama-2011-strikes/#Ob236,
North Waziristan Agency,16/11/2010,Ghulam Khan,320,108,North Waziristan,20,20,0,9,0,0,0,0,http://www.thebureauinvestigates.com/2011/08/10/obama-2010-strikes/#Ob161,
North Waziristan Agency,17/01/2010,Shaktoi,320,108,North Waziristan,14,20,0,0,0,0,4,4,http://www.thebureauinvestigates.com/2011/08/10/obama-2010-strikes/#Ob62,
North Waziristan Agency,17/02/2010,Tabbi,320,108,North Waziristan,4,4,0,0,0,0,2,3,http://www.thebureauinvestigates.com/2011/08/10/obama-2010-strikes/#Ob71,
North Waziristan Agency,17/03/2010,Hamzoni,320,108,North Waziristan,3,5,0,0,0,0,4,4,http://www.thebureauinvestigates.com/2011/08/10/obama-2010-strikes/#Ob78,
North Waziristan Agency,17/03/2010,Mizar Madakhel,320,108,North Waziristan,5,5,0,0,0,0,0,0,http://www.thebureauinvestigates.com/2011/08/10/obama-2010-strikes/#Ob79,
North Waziristan Agency,17/03/2011,Datta Khel,320,108,North Waziristan,26,42,19,41,0,1,9,14,http://www.thebureauinvestigates.com/2011/08/10/obama-2011-strikes/#Ob202,
North Waziristan Agency,17/07/2009,Gariwam,320,108,North Waziristan,5,6,0,0,0,0,4,6,http://www.thebureauinvestigates.com/2011/08/10/obama-2009-strikes/#Ob28,
North Waziristan Agency,17/11/2011,Shawal,320,108,North Waziristan,7,9,0,0,0,0,3,5,http://www.thebureauinvestigates.com/2011/08/10/obama-2011-strikes/#Ob255,
North Waziristan Agency,17/12/2009,Ambar Shaga,320,108,North Waziristan,12,16,6,6,0,0,0,0,http://www.thebureauinvestigates.com/2011/08/10/obama-2009-strikes/#Ob49,
North Waziristan Agency,17/12/2009,Datta Khel,320,108,North Waziristan,2,2,0,0,0,0,0,0,http://www.thebureauinvestigates.com/2011/08/10/obama-2009-strikes/#Ob48,
North Waziristan Agency,18/01/2011,"Assar Madd Khel, Datta Khel",320,108,North Waziristan,3,7,0,0,0,0,3,3,http://www.thebureauinvestigates.com/2011/08/10/obama-2011-strikes/#Ob187,
North Waziristan Agency,18/02/2010,Danda Darpakhel,320,108,North Waziristan,3,5,0,0,0,0,4,4,http://www.thebureauinvestigates.com/2011/08/10/obama-2010-strikes/#Ob72,
North Waziristan Agency,18/05/2015,"Zoy Nari, Shawal",320,108,North Waziristan,3,6,0,0,0,0,2,3,http://www.thebureauinvestigates.com/2015/01/05/obama-2015-pakistan-drone-strikes/#Ob366,
North Waziristan Agency,18/06/2014,"Darga Mandi, Dande Darpakhel or Miranshah",320,108,North Waziristan,4,8,0,0,0,0,2,4,http://www.thebureauinvestigates.com/2014/06/11/obama-2014-pakistan-drone-strikes/#Ob335,
North Waziristan Agency,18/08/2012,"Mammon Narai, Shuweda",320,108,North Waziristan,5,12,1,1,0,0,2,9,http://www.thebureauinvestigates.com/2012/01/11/obama-2012-strikes/#Ob286,
North Waziristan Agency,18/10/2010,Datta Khel,320,108,North Waziristan,6,7,1,1,1,1,1,6,http://www.thebureauinvestigates.com/2011/08/10/obama-2010-strikes/#Ob149,
North Waziristan Agency,18/11/2009,Shanakorah,320,108,North Waziristan,3,6,0,0,0,0,2,15,http://www.thebureauinvestigates.com/2011/08/10/obama-2009-strikes/#Ob44,
North Waziristan Agency,18/12/2009,Babrak Ziarat,320,108,North Waziristan,5,8,5,5,0,0,4,5,http://www.thebureauinvestigates.com/2011/08/10/obama-2009-strikes/#Ob50,
North Waziristan Agency,19/01/2010,Deegan,320,108,North Waziristan,5,9,0,0,0,0,4,4,http://www.thebureauinvestigates.com/2011/08/10/obama-2010-strikes/#Ob63,
North Waziristan Agency,19/01/2015,"Shahi Khel, Shawal",320,108,North Waziristan,5,7,0,0,0,0,4,6,http://www.thebureauinvestigates.com/2015/01/05/obama-2015-pakistan-drone-strikes/#Ob361,
North Waziristan Agency,19/06/2007,Mami Rogha,320,108,North Waziristan,20,34,0,34,0,0,10,15,http://www.thebureauinvestigates.com/2011/08/10/the-bush-years-2004-2009/#B9,
North Waziristan Agency,19/06/2010,Haider Khel,320,108,North Waziristan,16,17,0,0,0,0,10,18,http://www.thebureauinvestigates.com/2011/08/10/obama-2010-strikes/#Ob98,
North Waziristan Agency,19/07/2014,"Doga Madakhel, Datta Khel tehsil",320,108,North Waziristan,11,15,0,0,0,0,0,0,http://www.thebureauinvestigates.com/2014/06/11/obama-2014-pakistan-drone-strikes/#Ob338,
North Waziristan Agency,19/08/2012,"Mana, Shawal",320,108,North Waziristan,4,7,0,0,0,0,2,3,http://www.thebureauinvestigates.com/2012/01/11/obama-2012-strikes/#Ob287,
North Waziristan Agency,19/08/2012,"Mana, Shawal",320,108,North Waziristan,2,3,0,0,0,0,2,2,http://www.thebureauinvestigates.com/2012/01/11/obama-2012-strikes/#Ob288,
North Waziristan Agency,19/09/2010,Deegan,320,108,North Waziristan,3,9,5,5,0,0,0,0,http://www.thebureauinvestigates.com/2011/08/10/obama-2010-strikes/#Ob127,
North Waziristan Agency,19/11/2010,Norak,320,108,North Waziristan,2,4,0,0,0,0,1,1,http://www.thebureauinvestigates.com/2011/08/10/obama-2010-strikes/#Ob162,
North Waziristan Agency,20/05/2011,Tappi,320,108,North Waziristan,4,6,0,0,0,0,0,0,http://www.thebureauinvestigates.com/2011/08/10/obama-2011-strikes/#Ob211,
North Waziristan Agency,20/07/2011,Mir Ali,320,108,North Waziristan,4,4,0,0,0,0,2,2,http://www.thebureauinvestigates.com/2011/08/10/obama-2011-strikes/#Ob232,
North Waziristan Agency,20/09/2010,Darazinda,320,108,North Waziristan,3,6,0,3,0,0,0,0,http://www.thebureauinvestigates.com/2011/08/10/obama-2010-strikes/#Ob128,
North Waziristan Agency,20/11/2009,Machi Khel,320,108,North Waziristan,3,14,3,3,1,1,2,12,http://www.thebureauinvestigates.com/2011/08/10/obama-2009-strikes/#Ob45,
North Waziristan Agency,20/11/2014,Datta Khel,320,108,North Waziristan,5,8,0,0,0,0,2,3,http://www.thebureauinvestigates.com/2014/06/11/obama-2014-pakistan-drone-strikes/#Ob352,
North Waziristan Agency,20/12/2014,Datta Khel,320,108,North Waziristan,4,6,0,0,0,0,0,0,http://www.thebureauinvestigates.com/2014/06/11/obama-2014-pakistan-drone-strikes/#Ob355,
North Waziristan Agency,21/02/2011,Malik Jashdar,320,108,North Waziristan,7,14,0,11,0,0,10,10,http://www.thebureauinvestigates.com/2011/08/10/obama-2011-strikes/#Ob192,
North Waziristan Agency,21/03/2010,Inzar,320,108,North Waziristan,5,8,0,0,0,0,0,0,http://www.thebureauinvestigates.com/2011/08/10/obama-2010-strikes/#Ob80,
North Waziristan Agency,21/05/2010,Boya,320,108,North Waziristan,11,11,10,10,7,7,7,10,http://www.thebureauinvestigates.com/2011/08/10/obama-2010-strikes/#Ob94,
North Waziristan Agency,21/08/2009,Danda Darpakhel,320,108,North Waziristan,17,21,9,13,6,6,2,2,http://www.thebureauinvestigates.com/2011/08/10/obama-2009-strikes/#Ob31,
North Waziristan Agency,21/08/2010,Qutab Khel,320,108,North Waziristan,4,6,0,4,0,0,2,2,http://www.thebureauinvestigates.com/2011/08/10/obama-2010-strikes/#Ob108,
North Waziristan Agency,21/08/2012,"Shnakhura, Datta Khel",320,108,North Waziristan,4,25,1,3,1,1,2,2,http://www.thebureauinvestigates.com/2012/01/11/obama-2012-strikes/#Ob289,
North Waziristan Agency,21/09/2012,Mohammed Khel/Datta Khel,320,108,North Waziristan,3,4,0,0,0,0,2,3,http://www.thebureauinvestigates.com/2012/01/11/obama-2012-strikes/#Ob294,
North Waziristan Agency,21/10/2009,Spalaga,320,108,North Waziristan,3,3,0,0,0,0,8,8,http://www.thebureauinvestigates.com/2011/08/10/obama-2009-strikes/#Ob41,
North Waziristan Agency,21/11/2010,Khaddi,320,108,North Waziristan,5,9,0,3,0,0,0,0,http://www.thebureauinvestigates.com/2011/08/10/obama-2010-strikes/#Ob163,
North Waziristan Agency,21/12/2012,"Hassokhel, near Mir Ali",320,108,North Waziristan,3,6,0,0,0,0,2,2,http://www.thebureauinvestigates.com/2012/01/11/obama-2012-strikes/#Ob304,
North Waziristan Agency,22/03/2013,"New Adda, Tehsil Datta Khel",320,108,North Waziristan,1,4,0,0,0,0,1,1,http://www.thebureauinvestigates.com/2013/01/03/obama-2013-pakistan-drone-strikes/#Ob315,
North Waziristan Agency,22/04/2011,Spinwan,320,108,North Waziristan,20,26,5,9,3,5,5,10,http://www.thebureauinvestigates.com/2011/08/10/obama-2011-strikes/#Ob204,
North Waziristan Agency,22/08/2011,"Mir Koon Khel, Mir Ali",320,108,North Waziristan,3,7,0,4,0,0,3,3,http://www.thebureauinvestigates.com/2011/08/10/obama-2011-strikes/#Ob238,
North Waziristan Agency,22/11/2008,Ali Khel,320,108,North Waziristan,4,6,0,1,0,0,6,6,http://www.thebureauinvestigates.com/2011/08/10/the-bush-years-2004-2009/#B42,
North Waziristan Agency,22/11/2010,Khesoor,320,108,North Waziristan,3,6,0,0,0,0,2,3,http://www.thebureauinvestigates.com/2011/08/10/obama-2010-strikes/#Ob164,
North Waziristan Agency,23/01/2009,Zharki,320,108,North Waziristan,7,15,9,11,1,1,1,1,http://www.thebureauinvestigates.com/2011/08/10/obama-2009-strikes/#Ob1,http://www.thebureauinvestigates.com/2011/08/10/obama-2009-strikes/#
North Waziristan Agency,23/01/2011,Doga Mada Khel,320,108,North Waziristan,2,5,0,0,0,0,0,0,http://www.thebureauinvestigates.com/2011/08/10/obama-2011-strikes/#Ob188,
North Waziristan Agency,23/01/2011,Doga Mada Khel,320,108,North Waziristan,2,3,0,0,0,0,0,0,http://www.thebureauinvestigates.com/2011/08/10/obama-2011-strikes/#Ob189,
North Waziristan Agency,23/01/2011,Razmak,320,108,North Waziristan,4,6,0,0,0,0,3,3,http://www.thebureauinvestigates.com/2011/08/10/obama-2011-strikes/#Ob190,
North Waziristan Agency,23/01/2012,"Char Khel, Datta Khel",320,108,North Waziristan,0,2,0,0,0,0,0,0,http://www.thebureauinvestigates.com/2012/01/11/obama-2012-strikes/#Ob259,
North Waziristan Agency,23/01/2012,Deegan,320,108,North Waziristan,2,5,0,0,0,0,1,3,http://www.thebureauinvestigates.com/2012/01/11/obama-2012-strikes/#Ob258,
North Waziristan Agency,23/03/2010,Machis,320,108,North Waziristan,6,6,0,0,0,0,3,3,http://www.thebureauinvestigates.com/2011/08/10/obama-2010-strikes/#Ob81,
North Waziristan Agency,23/05/2011,Mir Ali,320,108,North Waziristan,4,7,0,0,0,0,2,2,http://www.thebureauinvestigates.com/2011/08/10/obama-2011-strikes/#Ob212,
North Waziristan Agency,23/05/2012,Datta Khel Kalai,320,108,North Waziristan,1,5,0,0,0,0,1,2,http://www.thebureauinvestigates.com/2012/01/11/obama-2012-strikes/#Ob271,
North Waziristan Agency,23/07/2012,Dre Nishter/Shawal,320,108,North Waziristan,11,14,6,14,0,0,2,11,http://www.thebureauinvestigates.com/2012/01/11/obama-2012-strikes/#Ob284,
North Waziristan Agency,23/08/2010,Danda Darpakhel,320,108,North Waziristan,20,20,7,9,3,3,15,15,http://www.thebureauinvestigates.com/2011/08/10/obama-2010-strikes/#Ob109,
North Waziristan Agency,23/08/2010,Darga Mandi,320,108,North Waziristan,5,7,0,0,0,0,3,12,http://www.thebureauinvestigates.com/2011/08/10/obama-2010-strikes/#Ob110,
North Waziristan Agency,23/09/2011,Khushali,320,108,North Waziristan,3,8,0,0,0,0,3,4,http://www.thebureauinvestigates.com/2011/08/10/obama-2011-strikes/#Ob240,
North Waziristan Agency,23/10/2008,Danda Darpakhel,320,108,North Waziristan,8,11,7,10,7,7,6,11,http://www.thebureauinvestigates.com/2011/08/10/the-bush-years-2004-2009/#B35,
North Waziristan Agency,24/02/2010,Darga Mandi,320,108,North Waziristan,5,13,5,6,1,1,6,6,http://www.thebureauinvestigates.com/2011/08/10/obama-2010-strikes/#Ob73,
North Waziristan Agency,24/02/2011,Mohammad Khel,320,108,North Waziristan,4,7,0,0,0,0,3,2,http://www.thebureauinvestigates.com/2011/08/10/obama-2011-strikes/#Ob193,
North Waziristan Agency,24/04/2010,Machi Khel,320,108,North Waziristan,7,9,0,0,0,0,0,0,http://www.thebureauinvestigates.com/2011/08/10/obama-2010-strikes/#Ob87,
North Waziristan Agency,24/05/2012,Khassokhel near Mir Ali,320,108,North Waziristan,5,12,0,8,0,0,3,4,http://www.thebureauinvestigates.com/2012/01/11/obama-2012-strikes/#Ob272,
North Waziristan Agency,24/08/2012,"Dara, Shawal",320,108,North Waziristan,0,0,0,0,0,0,0,0,http://www.thebureauinvestigates.com/2012/01/11/obama-2012-strikes/#Ob291,
North Waziristan Agency,24/08/2012,"Dre Nishter, Shawal",320,108,North Waziristan,0,0,0,0,0,0,0,0,http://www.thebureauinvestigates.com/2012/01/11/obama-2012-strikes/#Ob292,
North Waziristan Agency,24/08/2012,"Makai/Maki Ghar, Shawal",320,108,North Waziristan,13,22,0,0,0,0,4,14,http://www.thebureauinvestigates.com/2012/01/11/obama-2012-strikes/#Ob290,
North Waziristan Agency,24/09/2009,Mir Ali,320,108,North Waziristan,10,12,0,12,0,0,5,5,http://www.thebureauinvestigates.com/2011/08/10/obama-2009-strikes/#Ob36,
North Waziristan Agency,24/09/2012,"Mosaki - Inzar Abad, Tehsil Mir Ali",320,108,North Waziristan,3,8,0,0,0,0,2,2,http://www.thebureauinvestigates.com/2012/01/11/obama-2012-strikes/#Ob295,
North Waziristan Agency,24/09/2014,"Alwara Mandi village, Datta Khel tehsil",320,108,North Waziristan,5,11,0,0,0,0,0,0,http://www.thebureauinvestigates.com/2014/06/11/obama-2014-pakistan-drone-strikes/#Ob340,
North Waziristan Agency,24/10/2012,Village Ghundi Killi Daur Tappi area of Tehsil Miranshah,320,108,North Waziristan,1,1,1,1,0,0,6,9,http://www.thebureauinvestigates.com/2012/01/11/obama-2012-strikes/#Ob299,
North Waziristan Agency,25/07/2010,Shaktoi,320,108,North Waziristan,14,32,0,0,0,0,7,12,http://www.thebureauinvestigates.com/2011/08/10/obama-2010-strikes/#Ob104,
North Waziristan Agency,25/07/2010,Tabbi,320,108,North Waziristan,4,12,0,0,0,0,2,4,http://www.thebureauinvestigates.com/2011/08/10/obama-2010-strikes/#Ob105,
North Waziristan Agency,25/09/2010,Datta Khel,320,108,North Waziristan,2,4,0,0,0,0,0,0,http://www.thebureauinvestigates.com/2011/08/10/obama-2010-strikes/#Ob131,
North Waziristan Agency,25/12/2013,"Qutab Khel, Miranshah",320,108,North Waziristan,3,4,0,0,0,0,1,1,http://www.thebureauinvestigates.com/2013/01/03/obama-2013-pakistan-drone-strikes/#Ob332,
North Waziristan Agency,26/03/2009,Sokhel,320,108,North Waziristan,4,5,0,5,0,0,5,5,http://www.thebureauinvestigates.com/2011/08/10/obama-2009-strikes/#Ob9,
North Waziristan Agency,26/04/2010,Khushali,320,108,North Waziristan,3,8,0,0,0,0,3,3,http://www.thebureauinvestigates.com/2011/08/10/obama-2010-strikes/#Ob88,
North Waziristan Agency,26/05/2012,Miranshah,320,108,North Waziristan,1,4,0,0,0,0,1,2,http://www.thebureauinvestigates.com/2012/01/11/obama-2012-strikes/#Ob273,
North Waziristan Agency,26/06/2010,Khushali,320,108,North Waziristan,2,4,0,0,0,0,1,3,http://www.thebureauinvestigates.com/2011/08/10/obama-2010-strikes/#Ob99,
North Waziristan Agency,26/06/2012,Shawal,320,108,North Waziristan,4,7,0,0,0,0,2,7,http://www.thebureauinvestigates.com/2012/01/11/obama-2012-strikes/#Ob281,
North Waziristan Agency,26/09/2010,Lawra Mandi,320,108,North Waziristan,4,5,0,0,0,0,2,2,http://www.thebureauinvestigates.com/2011/08/10/obama-2010-strikes/#Ob132,
North Waziristan Agency,26/09/2010,Miram Shah,320,108,North Waziristan,3,5,0,0,0,0,1,2,http://www.thebureauinvestigates.com/2011/08/10/obama-2010-strikes/#Ob133,
North Waziristan Agency,26/09/2010,Sheerani,320,108,North Waziristan,2,3,0,0,0,0,0,0,http://www.thebureauinvestigates.com/2011/08/10/obama-2010-strikes/#Ob134,
North Waziristan Agency,26/11/2010,Pir Kelev,320,108,North Waziristan,2,4,1,4,1,1,0,0,http://www.thebureauinvestigates.com/2011/08/10/obama-2010-strikes/#Ob165,
North Waziristan Agency,26/11/2014,"Garga, Shawal",320,108,North Waziristan,4,9,0,0,0,0,2,3,http://www.thebureauinvestigates.com/2014/06/11/obama-2014-pakistan-drone-strikes/#Ob353,
North Waziristan Agency,26/12/2009,Saidgai,320,108,North Waziristan,13,20,6,6,0,0,12,12,http://www.thebureauinvestigates.com/2011/08/10/obama-2009-strikes/#Ob51,
North Waziristan Agency,26/12/2014,"Kund/Kundghar village, Shawal",320,108,North Waziristan,4,5,0,0,0,0,0,0,http://www.thebureauinvestigates.com/2014/06/11/obama-2014-pakistan-drone-strikes/#Ob356,
North Waziristan Agency,26/12/2014,"Kund/Kundghar village, Shawal",320,108,North Waziristan,3,4,0,0,0,0,0,0,http://www.thebureauinvestigates.com/2014/06/11/obama-2014-pakistan-drone-strikes/#Ob357,
North Waziristan Agency,27/03/2010,Hurmuz,320,108,North Waziristan,4,4,0,4,0,0,5,5,http://www.thebureauinvestigates.com/2011/08/10/obama-2010-strikes/#Ob82,
North Waziristan Agency,27/04/2007,Saidgai,320,108,North Waziristan,3,4,3,4,0,0,3,9,http://www.thebureauinvestigates.com/2011/08/10/the-bush-years-2004-2009/#B8,
North Waziristan Agency,27/06/2010,Tabbi,320,108,North Waziristan,5,6,0,0,0,0,4,4,http://www.thebureauinvestigates.com/2011/08/10/obama-2010-strikes/#Ob100,
North Waziristan Agency,27/09/2010,Khushali,320,108,North Waziristan,3,4,0,0,0,0,0,0,http://www.thebureauinvestigates.com/2011/08/10/obama-2010-strikes/#Ob135,
North Waziristan Agency,27/10/2010,Deegan,320,108,North Waziristan,2,4,0,0,0,0,1,1,http://www.thebureauinvestigates.com/2011/08/10/obama-2010-strikes/#Ob151,
North Waziristan Agency,27/10/2010,Mir Ali,320,108,North Waziristan,2,5,0,0,0,0,1,1,http://www.thebureauinvestigates.com/2011/08/10/obama-2010-strikes/#Ob150,
North Waziristan Agency,27/10/2011,Hisokhel,320,108,North Waziristan,4,6,0,0,0,0,3,3,http://www.thebureauinvestigates.com/2011/08/10/obama-2011-strikes/#Ob249,
North Waziristan Agency,27/12/2010,Machi Khel,320,108,North Waziristan,4,4,0,0,0,0,0,0,http://www.thebureauinvestigates.com/2011/08/10/obama-2010-strikes/#Ob176,
North Waziristan Agency,27/12/2010,Shera Tala,320,108,North Waziristan,18,22,0,0,0,0,0,0,http://www.thebureauinvestigates.com/2011/08/10/obama-2010-strikes/#Ob175,
North Waziristan Agency,28/01/2015,Shawal,320,108,North Waziristan,6,7,0,0,0,0,2,4,http://www.thebureauinvestigates.com/2015/01/05/obama-2015-pakistan-drone-strikes/#Ob362,
North Waziristan Agency,28/05/2012,"Degan, Datta Khel",320,108,North Waziristan,2,5,0,0,0,0,0,0,http://www.thebureauinvestigates.com/2012/01/11/obama-2012-strikes/#Ob275,
North Waziristan Agency,28/05/2012,Khassokhel near Mir Ali,320,108,North Waziristan,4,10,0,0,0,0,4,4,http://www.thebureauinvestigates.com/2012/01/11/obama-2012-strikes/#Ob274,
North Waziristan Agency,28/07/2013,"Zoi Nair, Tehsil Shawal",320,108,North Waziristan,5,8,0,0,0,0,2,4,http://www.thebureauinvestigates.com/2013/01/03/obama-2013-pakistan-drone-strikes/#Ob322,
North Waziristan Agency,28/10/2010,Ismail Khel,320,108,North Waziristan,4,8,0,4,0,0,0,0,http://www.thebureauinvestigates.com/2011/08/10/obama-2010-strikes/#Ob152,
North Waziristan Agency,28/11/2010,Hassan Khel,320,108,North Waziristan,0,4,0,0,0,0,0,0,http://www.thebureauinvestigates.com/2011/08/10/obama-2010-strikes/#Ob166,
North Waziristan Agency,28/12/2010,Ghulam Khan,320,108,North Waziristan,5,7,0,0,0,0,2,2,http://www.thebureauinvestigates.com/2011/08/10/obama-2010-strikes/#Ob177,
North Waziristan Agency,28/12/2010,Ghulam Khan,320,108,North Waziristan,5,12,2,4,0,0,3,3,http://www.thebureauinvestigates.com/2011/08/10/obama-2010-strikes/#Ob178,
North Waziristan Agency,28/12/2010,Ghulam Khan,320,108,North Waziristan,9,10,0,0,0,0,6,6,http://www.thebureauinvestigates.com/2011/08/10/obama-2010-strikes/#Ob179,
North Waziristan Agency,29/01/2008,Mir Ali,320,108,North Waziristan,12,15,4,6,2,3,1,2,http://www.thebureauinvestigates.com/2011/08/10/the-bush-years-2004-2009/#B12,
North Waziristan Agency,29/01/2010,Mohammad Khel,320,108,North Waziristan,2,15,0,0,0,0,4,4,http://www.thebureauinvestigates.com/2011/08/10/obama-2010-strikes/#Ob64,
North Waziristan Agency,29/04/2012,Miranshah Bazaar,320,108,North Waziristan,3,6,0,0,0,0,1,3,http://www.thebureauinvestigates.com/2012/01/11/obama-2012-strikes/#Ob269,
North Waziristan Agency,29/05/2013,"Qazi Kot, Tehsil Miranshah",320,108,North Waziristan,3,7,0,0,0,0,1,4,http://www.thebureauinvestigates.com/2013/01/03/obama-2013-pakistan-drone-strikes/#Ob318,
North Waziristan Agency,29/07/2012,Kushhali Turkhel,320,108,North Waziristan,4,7,0,3,0,0,4,4,http://www.thebureauinvestigates.com/2012/01/11/obama-2012-strikes/#Ob285,
North Waziristan Agency,29/09/2009,Danda Darpakhel,320,108,North Waziristan,4,9,0,4,0,0,2,6,http://www.thebureauinvestigates.com/2011/08/10/obama-2009-strikes/#Ob38,
North Waziristan Agency,29/09/2013,Darga Mandi,320,108,North Waziristan,3,6,0,0,0,0,1,3,http://www.thebureauinvestigates.com/2013/01/03/obama-2013-pakistan-drone-strikes/#Ob326,
North Waziristan Agency,29/11/2008,Chashma,320,108,North Waziristan,2,3,0,3,0,0,2,3,http://www.thebureauinvestigates.com/2011/08/10/the-bush-years-2004-2009/#B44,
North Waziristan Agency,29/11/2013,Miranshah,320,108,North Waziristan,2,3,0,0,0,0,1,2,http://www.thebureauinvestigates.com/2013/01/03/obama-2013-pakistan-drone-strikes/#Ob331,
North Waziristan Agency,29/12/2012,"Gurbaz, Shawal",320,108,North Waziristan,4,5,0,0,0,0,2,2,http://www.thebureauinvestigates.com/2012/01/11/obama-2012-strikes/#Ob305,
North Waziristan Agency,30/03/2012,"Sarai Bazaar, Miranshah",320,108,North Waziristan,3,4,0,0,0,0,3,3,http://www.thebureauinvestigates.com/2012/01/11/obama-2012-strikes/#Ob268,
North Waziristan Agency,30/08/2008,Miram Shah,320,108,North Waziristan,6,11,2,9,1,4,2,8,http://www.thebureauinvestigates.com/2011/08/10/the-bush-years-2004-2009/#B22,
North Waziristan Agency,30/09/2009,Norak,320,108,North Waziristan,6,9,0,0,0,0,2,5,http://www.thebureauinvestigates.com/2011/08/10/obama-2009-strikes/#Ob39,
North Waziristan Agency,30/09/2013,"Land Char Khel, Tehsil Datta Khel",320,108,North Waziristan,1,4,0,0,0,0,2,4,http://www.thebureauinvestigates.com/2013/01/03/obama-2013-pakistan-drone-strikes/#Ob327,
North Waziristan Agency,30/10/2011,"Khar Khama, Datta Khel",320,108,North Waziristan,4,6,4,4,0,0,2,3,http://www.thebureauinvestigates.com/2011/08/10/obama-2011-strikes/#Ob250,
North Waziristan Agency,31/03/2010,Tappi,320,108,North Waziristan,5,6,5,6,1,1,2,2,http://www.thebureauinvestigates.com/2011/08/10/obama-2010-strikes/#Ob83,
North Waziristan Agency,31/08/2013,"Mossaki, Tehsil Mir Ali",320,108,North Waziristan,3,4,0,0,0,0,1,3,http://www.thebureauinvestigates.com/2013/01/03/obama-2013-pakistan-drone-strikes/#Ob323,
North Waziristan Agency,31/10/2008,Asori,320,108,North Waziristan,4,25,1,20,0,0,0,0,http://www.thebureauinvestigates.com/2011/08/10/the-bush-years-2004-2009/#B37,
North Waziristan Agency,31/10/2011,Norak,320,108,North Waziristan,2,4,2,2,2,2,3,3,http://www.thebureauinvestigates.com/2011/08/10/obama-2011-strikes/#Ob251,
North Waziristan Agency,31/10/2013,Miranshah,320,108,North Waziristan,0,5,0,0,0,0,3,3,http://www.thebureauinvestigates.com/2013/01/03/obama-2013-pakistan-drone-strikes/#Ob328,
North Waziristan Agency,31/12/2009,Machi Khel,320,108,North Waziristan,3,7,3,3,1,1,2,2,http://www.thebureauinvestigates.com/2011/08/10/obama-2009-strikes/#Ob52,
North Waziristan Agency,31/12/2010,Ghulam Khan,320,108,North Waziristan,4,8,0,0,0,0,0,0,http://www.thebureauinvestigates.com/2011/08/10/obama-2010-strikes/#Ob180,
North Waziristan Agency,13/03/2012,Shawa,320,108,North/South Waziristan,6,7,0,0,0,0,3,3,http://www.thebureauinvestigates.com/2012/01/11/obama-2012-strikes/#Ob267,"Region is described as North AND South, so we picked one"
South Waziristan Agency,22/09/2013,"ShawalPalgai area, Thesil Makin",315,120,North/South Waziristan,6,7,0,0,0,0,2,4,http://www.thebureauinvestigates.com/2013/01/03/obama-2013-pakistan-drone-strikes/#Ob325,"Region is described as North AND South, so we picked one"
Orakzai Agency,1/4/09,Khadezai,335,94,Orakzai Agency,10,14,5,5,3,3,4,16,http://www.thebureauinvestigates.com/2011/08/10/obama-2009-strikes/#Ob10,
Orakzai Agency,11/10/12,Buland Khel,335,94,Orakzai Agency,16,26,0,2,0,0,5,15,http://www.thebureauinvestigates.com/2012/01/11/obama-2012-strikes/#Ob298,
South Waziristan Agency,17/06/2004,Wana,315,120,South Waziristan,6,8,2,2,2,2,1,1,http://www.thebureauinvestigates.com/2011/08/10/the-bush-years-2004-2009/#B1,http://www.thebureauinvestigates.com/2011/08/10/the-bush-years-2004-2009/#
South Waziristan Agency,11/12/08,Azam Warsak,315,120,South Waziristan,6,7,0,7,0,0,0,0,http://www.thebureauinvestigates.com/2011/08/10/the-bush-years-2004-2009/#B46,
South Waziristan Agency,12/8/08,Bhaggar,315,120,South Waziristan,12,25,0,5,0,0,0,4,http://www.thebureauinvestigates.com/2011/08/10/the-bush-years-2004-2009/#B18,
South Waziristan Agency,1/1/09,Kari Kot,315,120,South Waziristan,3,5,0,0,0,0,1,2,http://www.thebureauinvestigates.com/2011/08/10/the-bush-years-2004-2009/#B50,
South Waziristan Agency,1/3/09,Sararogha,315,120,South Waziristan,3,12,0,0,0,0,1,3,http://www.thebureauinvestigates.com/2011/08/10/obama-2009-strikes/#Ob5,
South Waziristan Agency,2/1/09,Madin Village,315,120,South Waziristan,3,4,0,0,0,0,3,5,http://www.thebureauinvestigates.com/2011/08/10/the-bush-years-2004-2009/#B51,
South Waziristan Agency,3/7/09,Mantoi,315,120,South Waziristan,0,5,0,5,0,0,0,0,http://www.thebureauinvestigates.com/2011/08/10/obama-2009-strikes/#Ob22,
South Waziristan Agency,3/7/09,Zamarai Nairai,315,120,South Waziristan,10,17,0,0,0,0,27,35,http://www.thebureauinvestigates.com/2011/08/10/obama-2009-strikes/#Ob23,
South Waziristan Agency,5/8/09,Ladha,315,120,South Waziristan,1,12,1,4,0,0,5,5,http://www.thebureauinvestigates.com/2011/08/10/obama-2009-strikes/#Ob29,
South Waziristan Agency,7/7/09,Makeen,315,120,South Waziristan,14,18,0,0,0,0,10,10,http://www.thebureauinvestigates.com/2011/08/10/obama-2009-strikes/#Ob24,
South Waziristan Agency,8/4/09,Ganki Khel,315,120,South Waziristan,3,4,0,0,0,0,2,5,http://www.thebureauinvestigates.com/2011/08/10/obama-2009-strikes/#Ob12,
South Waziristan Agency,8/7/09,Ladha,315,120,South Waziristan,8,10,0,0,0,0,5,12,http://www.thebureauinvestigates.com/2011/08/10/obama-2009-strikes/#Ob25,
South Waziristan Agency,8/7/09,Ladha,315,120,South Waziristan,35,40,0,0,0,0,1,1,http://www.thebureauinvestigates.com/2011/08/10/obama-2009-strikes/#Ob26,
South Waziristan Agency,9/5/09,Tabbi Langhar Khel,315,120,South Waziristan,6,25,0,4,0,0,7,10,http://www.thebureauinvestigates.com/2011/08/10/obama-2009-strikes/#Ob15,
South Waziristan Agency,10/7/09,Painda Khel,315,120,South Waziristan,3,5,0,0,0,0,3,3,http://www.thebureauinvestigates.com/2011/08/10/obama-2009-strikes/#Ob27,
South Waziristan Agency,10/12/09,Ladha,315,120,South Waziristan,6,6,0,0,0,0,8,8,http://www.thebureauinvestigates.com/2011/08/10/obama-2009-strikes/#Ob47,
South Waziristan Agency,11/8/09,Ladha,315,120,South Waziristan,12,25,0,6,4,4,5,7,http://www.thebureauinvestigates.com/2011/08/10/obama-2009-strikes/#Ob30,
South Waziristan Agency,12/5/09,Sara Khwara,315,120,South Waziristan,5,9,0,0,0,0,4,4,http://www.thebureauinvestigates.com/2011/08/10/obama-2009-strikes/#Ob16,
South Waziristan Agency,1/8/11,Azam Warsak,315,120,South Waziristan,3,6,0,6,0,0,2,7,http://www.thebureauinvestigates.com/2011/08/10/obama-2011-strikes/#Ob233,
South Waziristan Agency,3/6/11,Ghwa Khwa,315,120,South Waziristan,5,12,0,0,0,0,1,3,http://www.thebureauinvestigates.com/2011/08/10/obama-2011-strikes/#Ob213,
South Waziristan Agency,6/6/11,Darnashtra,315,120,South Waziristan,3,5,0,0,0,0,0,0,http://www.thebureauinvestigates.com/2011/08/10/obama-2011-strikes/#Ob216,
South Waziristan Agency,6/6/11,"Tigger, Toji Khel Wazir",315,120,South Waziristan,7,9,0,0,0,0,2,2,http://www.thebureauinvestigates.com/2011/08/10/obama-2011-strikes/#Ob214,
South Waziristan Agency,6/6/11,Wacha Dana,315,120,South Waziristan,8,10,0,7,0,0,3,3,http://www.thebureauinvestigates.com/2011/08/10/obama-2011-strikes/#Ob215,
South Waziristan Agency,8/3/11,Landidog,315,120,South Waziristan,2,5,0,5,0,0,2,2,http://www.thebureauinvestigates.com/2011/08/10/obama-2011-strikes/#Ob194,
South Waziristan Agency,8/6/11,Shawal,315,120,South Waziristan,4,4,0,0,0,0,0,0,http://www.thebureauinvestigates.com/2011/08/10/obama-2011-strikes/#Ob218,
South Waziristan Agency,8/6/11,Zoynari,315,120,South Waziristan,18,23,0,0,0,0,6,6,http://www.thebureauinvestigates.com/2011/08/10/obama-2011-strikes/#Ob217,
South Waziristan Agency,10/5/11,Angor Adda,315,120,South Waziristan,3,5,0,0,0,0,4,4,http://www.thebureauinvestigates.com/2011/08/10/obama-2011-strikes/#Ob206,
South Waziristan Agency,12/7/11,Barmal,315,120,South Waziristan,5,13,0,0,0,0,3,5,http://www.thebureauinvestigates.com/2011/08/10/obama-2011-strikes/#Ob229,
South Waziristan Agency,1/12/12,Shin Warsak,315,120,South Waziristan,1,4,0,0,0,0,3,3,http://www.thebureauinvestigates.com/2012/01/11/obama-2012-strikes/#Ob301,
South Waziristan Agency,2/6/12,"Khawashi Khel, near Wana",315,120,South Waziristan,2,4,0,0,0,0,0,0,http://www.thebureauinvestigates.com/2012/01/11/obama-2012-strikes/#Ob276,
South Waziristan Agency,3/6/12,"Landai Warai, Tehsil Birmal",315,120,South Waziristan,0,10,0,0,0,0,4,10,http://www.thebureauinvestigates.com/2012/01/11/obama-2012-strikes/#Ob277,
South Waziristan Agency,9/3/12,Nishpa,315,120,South Waziristan,6,6,0,0,0,0,0,0,http://www.thebureauinvestigates.com/2012/01/11/obama-2012-strikes/#Ob265,
South Waziristan Agency,9/3/12,Shaktoi Mandao,315,120,South Waziristan,4,15,0,0,0,0,0,3,http://www.thebureauinvestigates.com/2012/01/11/obama-2012-strikes/#Ob264,
South Waziristan Agency,2/1/13,"Lajhmarai area, Tehsil Birmal",315,120,South Waziristan,6,11,0,0,0,0,0,0,http://www.thebureauinvestigates.com/2013/01/03/obama-2013-pakistan-drone-strikes/#Ob306,http://www.thebureauinvestigates.com/2013/01/03/obama-2013-pakistan-drone-strikes/#
South Waziristan Agency,6/1/13,"Smal Narai area, Tehsil Ladha",315,120,South Waziristan,8,18,0,0,0,0,3,7,http://www.thebureauinvestigates.com/2013/01/03/obama-2013-pakistan-drone-strikes/#Ob308,
South Waziristan Agency,8/2/13,Babar Ghar,315,120,South Waziristan,6,9,0,0,0,0,2,6,http://www.thebureauinvestigates.com/2013/01/03/obama-2013-pakistan-drone-strikes/#Ob313,
South Waziristan Agency,5/10/14,"Kundhgar, Shawal",315,120,South Waziristan,4,5,0,0,0,0,2,3,http://www.thebureauinvestigates.com/2014/06/11/obama-2014-pakistan-drone-strikes/#Ob342,
South Waziristan Agency,6/10/14,"Mangrotai, Shawal",315,120,South Waziristan,4,8,0,0,0,0,4,6,http://www.thebureauinvestigates.com/2014/06/11/obama-2014-pakistan-drone-strikes/#Ob343,
South Waziristan Agency,7/10/14,"Kundhgar, Shawal",315,120,South Waziristan,4,7,0,0,0,0,5,11,http://www.thebureauinvestigates.com/2014/06/11/obama-2014-pakistan-drone-strikes/#Ob344,
South Waziristan Agency,13/03/2011,Azam Warsak,315,120,South Waziristan,0,4,0,0,0,0,0,5,http://www.thebureauinvestigates.com/2011/08/10/obama-2011-strikes/#Ob198,
South Waziristan Agency,13/03/2012,"Wagdalai, Tehsil Birmal",315,120,South Waziristan,6,8,0,0,0,0,2,4,http://www.thebureauinvestigates.com/2012/01/11/obama-2012-strikes/#Ob266,
South Waziristan Agency,13/04/2011,Angor Adda,315,120,South Waziristan,4,7,0,7,0,0,6,10,http://www.thebureauinvestigates.com/2011/08/10/obama-2011-strikes/#Ob203,
South Waziristan Agency,13/10/2011,"Chashma Nala, Birmal",315,120,South Waziristan,3,6,0,0,0,0,3,3,http://www.thebureauinvestigates.com/2011/08/10/obama-2011-strikes/#Ob244,
South Waziristan Agency,14/02/2009,Narsi Khel,315,120,South Waziristan,25,35,1,9,1,1,11,15,http://www.thebureauinvestigates.com/2011/08/10/obama-2009-strikes/#Ob3,
South Waziristan Agency,14/06/2008,Makeen,315,120,South Waziristan,1,1,0,1,0,0,0,0,http://www.thebureauinvestigates.com/2011/08/10/the-bush-years-2004-2009/#B16,
South Waziristan Agency,14/06/2009,Marda Algad,315,120,South Waziristan,3,5,0,3,0,0,0,0,http://www.thebureauinvestigates.com/2011/08/10/obama-2009-strikes/#Ob18,
South Waziristan Agency,15/01/2015,Ladha district,315,120,South Waziristan,4,7,0,0,0,0,3,4,http://www.thebureauinvestigates.com/2015/01/05/obama-2015-pakistan-drone-strikes/#Ob360,
South Waziristan Agency,15/06/2011,Karez,315,120,South Waziristan,0,0,0,0,0,0,0,0,http://www.thebureauinvestigates.com/2011/08/10/obama-2011-strikes/#Ob220,
South Waziristan Agency,15/06/2011,Wana,315,120,South Waziristan,2,10,0,0,0,0,2,2,http://www.thebureauinvestigates.com/2011/08/10/obama-2011-strikes/#Ob219,
South Waziristan Agency,15/10/2011,Angor Adda,315,120,South Waziristan,3,6,0,0,0,0,3,7,http://www.thebureauinvestigates.com/2011/08/10/obama-2011-strikes/#Ob246,
South Waziristan Agency,16/01/2007,Zamazola,315,120,South Waziristan,8,8,8,8,1,1,0,0,http://www.thebureauinvestigates.com/2011/08/10/the-bush-years-2004-2009/#B7,
South Waziristan Agency,16/03/2008,Dhook Pir Bagh,315,120,South Waziristan,18,20,0,4,0,0,5,9,http://www.thebureauinvestigates.com/2011/08/10/the-bush-years-2004-2009/#B14,
South Waziristan Agency,16/10/2008,Taparghai,315,120,South Waziristan,2,9,0,4,0,0,1,7,http://www.thebureauinvestigates.com/2011/08/10/the-bush-years-2004-2009/#B34,
South Waziristan Agency,16/11/2011,Babar Ghar,315,120,South Waziristan,4,22,0,0,0,0,6,12,http://www.thebureauinvestigates.com/2011/08/10/obama-2011-strikes/#Ob254,
South Waziristan Agency,17/04/2013,"Pobar, Tehsil Ladha",315,120,South Waziristan,4,6,0,0,0,0,2,7,http://www.thebureauinvestigates.com/2013/01/03/obama-2013-pakistan-drone-strikes/#Ob317,
South Waziristan Agency,17/09/2008,Baghar Cheena,315,120,South Waziristan,4,7,0,0,0,0,3,3,http://www.thebureauinvestigates.com/2011/08/10/the-bush-years-2004-2009/#B28,
South Waziristan Agency,18/06/2009,Wana,315,120,South Waziristan,12,18,4,4,0,0,10,10,http://www.thebureauinvestigates.com/2011/08/10/obama-2009-strikes/#Ob19,
South Waziristan Agency,19/04/2009,Ganki Khel,315,120,South Waziristan,0,8,0,8,0,0,3,5,http://www.thebureauinvestigates.com/2011/08/10/obama-2009-strikes/#Ob13,
South Waziristan Agency,19/08/2011,Shin Warsak,315,120,South Waziristan,3,4,0,0,0,0,2,2,http://www.thebureauinvestigates.com/2011/08/10/obama-2011-strikes/#Ob237,
South Waziristan Agency,20/02/2011,"Kazha Punga area, Tehsil Birmal",315,120,South Waziristan,6,8,0,0,0,0,2,2,http://www.thebureauinvestigates.com/2011/08/10/obama-2011-strikes/#Ob191,
South Waziristan Agency,20/08/2008,Zari Noor,315,120,South Waziristan,6,12,0,0,0,0,5,5,http://www.thebureauinvestigates.com/2011/08/10/the-bush-years-2004-2009/#B19,
South Waziristan Agency,21/09/2010,Azam Warsak,315,120,South Waziristan,0,16,0,0,0,0,0,0,http://www.thebureauinvestigates.com/2011/08/10/obama-2010-strikes/#Ob130,
South Waziristan Agency,21/09/2010,Khand Morsak,315,120,South Waziristan,7,8,0,0,0,0,4,5,http://www.thebureauinvestigates.com/2011/08/10/obama-2010-strikes/#Ob129,
South Waziristan Agency,22/12/2008,Kari Kot,315,120,South Waziristan,3,3,0,0,0,0,5,5,http://www.thebureauinvestigates.com/2011/08/10/the-bush-years-2004-2009/#B48,
South Waziristan Agency,22/12/2008,Shin Warsak,315,120,South Waziristan,2,4,0,0,0,0,4,4,http://www.thebureauinvestigates.com/2011/08/10/the-bush-years-2004-2009/#B49,
South Waziristan Agency,23/01/2009,Ganki Khel,315,120,South Waziristan,5,10,5,10,3,4,2,2,http://www.thebureauinvestigates.com/2011/08/10/obama-2009-strikes/#Ob2,
South Waziristan Agency,23/06/2009,Makeen,315,120,South Waziristan,5,6,0,0,0,0,7,7,http://www.thebureauinvestigates.com/2011/08/10/obama-2009-strikes/#Ob20,
South Waziristan Agency,23/06/2009,Makeen,315,120,South Waziristan,60,83,18,50,10,10,27,27,http://www.thebureauinvestigates.com/2011/08/10/obama-2009-strikes/#Ob21,
South Waziristan Agency,24/07/2010,Dwasarak,315,120,South Waziristan,16,18,0,0,0,0,24,24,http://www.thebureauinvestigates.com/2011/08/10/obama-2010-strikes/#Ob103,
South Waziristan Agency,25/03/2009,Makeen,315,120,South Waziristan,6,8,0,0,0,0,5,5,http://www.thebureauinvestigates.com/2011/08/10/obama-2009-strikes/#Ob8,
South Waziristan Agency,25/07/2010,Sararogha,315,120,South Waziristan,4,4,0,0,0,0,5,5,http://www.thebureauinvestigates.com/2011/08/10/obama-2010-strikes/#Ob106,
South Waziristan Agency,26/10/2008,Mandata,315,120,South Waziristan,18,20,0,4,0,3,2,2,http://www.thebureauinvestigates.com/2011/08/10/the-bush-years-2004-2009/#B36,
South Waziristan Agency,26/10/2011,"Shana Wana, Birmal",315,120,South Waziristan,13,22,0,0,0,0,6,6,http://www.thebureauinvestigates.com/2011/08/10/obama-2011-strikes/#Ob247,
South Waziristan Agency,27/06/2011,Shakai,315,120,South Waziristan,12,21,0,20,0,0,2,2,http://www.thebureauinvestigates.com/2011/08/10/obama-2011-strikes/#Ob225,
South Waziristan Agency,27/06/2011,Shawal,315,120,South Waziristan,6,12,0,0,0,0,0,0,http://www.thebureauinvestigates.com/2011/08/10/obama-2011-strikes/#Ob224,
South Waziristan Agency,27/08/2008,Ganki Khel,315,120,South Waziristan,0,0,0,0,0,0,4,4,http://www.thebureauinvestigates.com/2011/08/10/the-bush-years-2004-2009/#B20,
South Waziristan Agency,27/08/2009,Taparghai,315,120,South Waziristan,8,10,0,0,0,0,6,9,http://www.thebureauinvestigates.com/2011/08/10/obama-2009-strikes/#Ob32,
South Waziristan Agency,27/09/2011,Azam Warsak,315,120,South Waziristan,0,4,0,0,0,0,0,2,http://www.thebureauinvestigates.com/2011/08/10/obama-2011-strikes/#Ob241,
South Waziristan Agency,27/10/2011,Azam Warsak,315,120,South Waziristan,4,6,0,0,0,0,3,4,http://www.thebureauinvestigates.com/2011/08/10/obama-2011-strikes/#Ob248,
South Waziristan Agency,27/11/2008,Wana,315,120,South Waziristan,5,5,0,0,0,0,0,0,http://www.thebureauinvestigates.com/2011/08/10/the-bush-years-2004-2009/#B43,
South Waziristan Agency,28/02/2008,Azam Warsak,315,120,South Waziristan,10,13,0,0,0,0,6,16,http://www.thebureauinvestigates.com/2011/08/10/the-bush-years-2004-2009/#B13,
South Waziristan Agency,28/05/2010,Mizai Nari,315,120,South Waziristan,8,12,0,11,0,0,4,4,http://www.thebureauinvestigates.com/2011/08/10/obama-2010-strikes/#Ob95,
South Waziristan Agency,28/07/2008,Zeralita,315,120,South Waziristan,7,12,1,5,0,2,3,3,http://www.thebureauinvestigates.com/2011/08/10/the-bush-years-2004-2009/#B17,
South Waziristan Agency,28/09/2010,Zeba,315,120,South Waziristan,4,4,0,0,0,0,2,2,http://www.thebureauinvestigates.com/2011/08/10/obama-2010-strikes/#Ob136,
South Waziristan Agency,28/09/2014,Wana,315,120,South Waziristan,2,4,0,0,0,0,1,4,http://www.thebureauinvestigates.com/2014/06/11/obama-2014-pakistan-drone-strikes/#Ob341,
South Waziristan Agency,29/04/2009,Kaniguram,315,120,South Waziristan,1,10,0,4,0,0,4,4,http://www.thebureauinvestigates.com/2011/08/10/obama-2009-strikes/#Ob14,
South Waziristan Agency,29/06/2010,Kari Kot,315,120,South Waziristan,7,10,0,0,0,0,1,4,http://www.thebureauinvestigates.com/2011/08/10/obama-2010-strikes/#Ob101,
South Waziristan Agency,29/09/2009,Sararogha,315,120,South Waziristan,5,6,0,0,0,0,2,6,http://www.thebureauinvestigates.com/2011/08/10/obama-2009-strikes/#Ob37,
South Waziristan Agency,29/11/2012,Shin Warsak,315,120,South Waziristan,1,4,0,0,0,0,3,4,http://www.thebureauinvestigates.com/2012/01/11/obama-2012-strikes/#Ob300,
South Waziristan Agency,30/08/2008,Korzai,315,120,South Waziristan,4,5,0,0,0,0,4,4,http://www.thebureauinvestigates.com/2011/08/10/the-bush-years-2004-2009/#B21,
South Waziristan Agency,30/09/2008,Khushali,315,120,South Waziristan,4,8,0,0,0,0,5,9,http://www.thebureauinvestigates.com/2011/08/10/the-bush-years-2004-2009/#B29,
South Waziristan Agency,30/09/2011,Baghar,315,120,South Waziristan,3,4,0,0,0,0,1,5,http://www.thebureauinvestigates.com/2011/08/10/obama-2011-strikes/#Ob242,
South Waziristan Agency,30/10/2014,"Nargas village, Azam Warsak",315,120,South Waziristan,4,7,0,0,0,0,2,2,http://www.thebureauinvestigates.com/2014/06/11/obama-2014-pakistan-drone-strikes/#Ob350,
South Waziristan Agency,31/10/2008,Kari Kot,315,120,South Waziristan,4,12,1,1,0,0,2,30,http://www.thebureauinvestigates.com/2011/08/10/the-bush-years-2004-2009/#B38,